title,nickname,read_time,img_src,id,herf,introduction,fav,share,comment
班主任告诉过我离开就没回头路,总会有个地方睡觉吃饭,56648,http://p2.music.126.net/rjp6VchKfkezCEjcjFfq5g==/109951167873914017.jpg?param=140y140,7635771823,https://music.163.com/playlist?id=7635771823,"介绍：
记住我叫姜云升，
唱到你会用我的歌给手机当铃声，
所以现在才要唱，
唱到我出现在你家的卧室海报上，
记住这家伙的脸 记住这家伙的疯，
献给喝过的酒和曾经刮骨的风，
当年选择hiphop选择了去中途继承，
...
",206,2,0
嘻哈说唱|搭乘嘻哈飞船 坠入浪漫的虚无主义,Just-7ccc,22241,http://p2.music.126.net/ocTX65qx4922bObp0E-MVw==/109951167991557907.jpg?param=140y140,7654967396,https://music.163.com/playlist?id=7654967396,"介绍：
把我偷走吧 浪漫的收藏家！！！
祝你，历遍山河，依然觉得人生值得。敬我，往后余生，水远山长安适如常！！！！！
感谢聆听！！！！！！！！
",160,3,0
「Hip-hop研究所」潮酷出街丨开启你的Swag,丨IIIIIIIIII丨,193万,http://p2.music.126.net/946c83afhfEMe2wJomUuXg==/109951165361809222.jpg?param=140y140,5269453086,https://music.163.com/playlist?id=5269453086,"介绍：
律动的节奏感，带动你的神经，在炫酷的氛围中找到精神共鸣。

嘻哈是一种力量，诞生自阴影中，象征着美好的未来。
反映的是一种真实，是一种无畏，是一种对待事情的感性思考。

每个人都可以很嘻哈，每个人...
",22054,503,62
国语说唱｜黎明的曙光 是漆黑暗夜中的希望,蛋壳Maxd,62595,http://p2.music.126.net/YUBMB22X0Rb-gpYEEcVL_Q==/109951167856123683.jpg?param=140y140,7627626385,https://music.163.com/playlist?id=7627626385,"介绍：
只有不畏攀登的采药者，才能登上高峰采得仙草。
只有不怕巨浪的弄潮儿，才能深入水底觅得骊珠。
",502,12,1
"GAI周延|梦想不要怕太大,开口就是王炸",网易云音乐,40万,http://p2.music.126.net/zrxbCLDEwPYD4QsA21tDyQ==/109951168047259525.jpg?param=140y140,7737156437,https://music.163.com/playlist?id=7737156437,"介绍：
GAI周延（D.M.G）种梦音乐签约艺人。 新华流说唱领军人物。《我是唱作人》冠军战队，《我们的歌》冠军组合，《中国新说唱2020》明星主理人《2021少年说唱企划》《草莓星球来的人》导师，《披荆斩棘的哥哥》...
",2673,66,107
"颜社版权回归 | 宝岛""嘻哈囝"",欢迎加入群聊",网易云音乐,40万,http://p2.music.126.net/x8T3dGvfsDYmf_IddHXLgw==/109951168020804113.jpg?param=140y140,7708843538,https://music.163.com/playlist?id=7708843538,"介绍：
顏社由迪拉胖2005年和同一群热爱嘻哈饶舌音乐的伙伴们一起成立，期间合作过的艺人有饶舌诗人蛋堡、嘻哈女皇葛仲珊、李英宏 a.k.a. Dj Didilong，现在旗下的艺人包括国蛋 a.k.a. Dr.Paper、夜猫组、Leo王、...
",5958,416,316
别急甜甜的恋爱马上就轮到你了,芳心收集人士,51万,http://p2.music.126.net/otX4OUyIqA1oXw8LkzZ0HQ==/109951168006050524.jpg?param=140y140,7582586641,https://music.163.com/playlist?id=7582586641,"介绍：
你相信吗
未来要和你共度一生的那个人
其实在与你相同的时间里 
也忍受着同样的孤独
那个人一定也怀着满心的期待
马不停蹄地赶来和你碰面
",4387,235,71
『忏悔录』emo走心励志旋律情歌中文说唱,芳心收集人士,57万,http://p2.music.126.net/rqxR0AiSXCnv7bzsQRQArg==/109951167725978368.jpg?param=140y140,7561470247,https://music.163.com/playlist?id=7561470247,"介绍：
歌单收录了各种风格的中文说唱 好歌又不是感冒灵 不一定要999+ 带你发掘那些国产rapper的宝藏歌曲

喜欢歌单的可以收藏关注不迷路 好听到可以单曲循环 歌单持续更新中～
",5700,143,23
旋律说唱｜好听不腻的hook ,张以晨_,145万,http://p2.music.126.net/976BQe1L6KrvqqrxIyae4Q==/109951167345487698.jpg?param=140y140,7397817902,https://music.163.com/playlist?id=7397817902,"介绍：
我想与你分享日常琐事
今天天气很好
天空也很蓝
也想悄悄告诉你
很多你不知道的秘密
喜欢听说唱的你
欢乐就会加倍
你一定不能错过这些好听不腻的旋律说唱 ！
",10697,123,24
rapper说情话 今晚也想跟你,决劣,1432万,http://p2.music.126.net/ihVnqZxqBt7wXaKYPRkvfw==/109951166124374544.jpg?param=140y140,814839177,https://music.163.com/playlist?id=814839177,"介绍：
评论区留喜欢文案
你有一份超甜rap情话歌单请查收
",18万,3281,1504
甜饼说唱｜超甜的情话只对你说,0000FF少抽烟,58万,http://p2.music.126.net/bslHT3ydTfokt-SgV5vjhQ==/109951167743916727.jpg?param=140y140,7571357089,https://music.163.com/playlist?id=7571357089,"介绍：
甜蜜说唱又来啦，治愈疲惫上班心灵的只有甜甜的歌曲和甜甜的恋爱。歌单精选了节奏感强但是曲风柔和的甜系说唱歌 曲，快来收藏这份甜蜜吧！
",3398,46,27
中文说唱｜节奏中感受潮流,AdeeL丨,5168,http://p2.music.126.net/rlplepWASWkX9gbqgNy_hg==/109951168059600394.jpg?param=140y140,7741615787,https://music.163.com/playlist?id=7741615787,"介绍：
网易云音乐越来越支持中文说唱了
此歌单收录各种经典说唱^_^
持续更新（欢迎投稿，我不怎么了解说唱，大家可以提供宝贵意见
",36,,0
【强悍RAP】节奏爆炸 暴力街区,奋力爬上山巅的山羊,257万,http://p2.music.126.net/PfTu_IA23GcBdONlepNNGQ==/18939087788936458.jpg?param=140y140,325632726,https://music.163.com/playlist?id=325632726,"介绍：
超震撼节奏感，肾上腺素飙升。

【 $ _ $】

适宜：跑步，击拳，重机，跳绳 ，训练，走路
",34854,408,101
『中文rap』诗人般的饶舌中文说唱艺术,肆夏无人,815万,http://p2.music.126.net/PNdr9jYoDOjIGnv_K8j56w==/109951165043501639.jpg?param=140y140,832595290,https://music.163.com/playlist?id=832595290,"介绍：
不定时更新添加歌曲 黑怕无止境
中国纯正hiphop 中文各类风格
站在金字塔顶端的法老和他的小娇妻马思唯
说唱诗人jonyj与他还在努力练好语文的好厚米tt
",89147,987,524
即刻律动 • 节奏当道 | R&B/Trap/Hip-Hop*,Bronkent,200万,http://p2.music.126.net/Cisgi0iMn2SLK0lAtgBSEA==/109951167883537905.jpg?param=140y140,6662878509,https://music.163.com/playlist?id=6662878509,"介绍：
这是一个杂烩向歌单 主要收录如下*
收录曲风包括: Rap,Trap,Hip-Hop,R&B,Future Bass,Dance-Pop*
每一首都是个人精选 只为解决您的歌荒*
可随机/循环播放 惊喜宝藏多多*
希望大家喜欢 持续更新ing*
封面: ...
",19629,457,60
流行rap×心动旋律的不完全记录,也半眠,63万,http://p2.music.126.net/FARJc8p_uYklgrQmQF6e6g==/109951167870289744.jpg?param=140y140,7538684824,https://music.163.com/playlist?id=7538684824,"介绍：
当蓝玫瑰坠入克莱因海

未曾谋面的也终将会相遇

当满树樱花全部退为绿叶

浪漫便藏起了花期
",6065,81,39
『浪漫rap』队长/刘思达/JonyJ/是告白的歌,肆玖音乐,133万,http://p2.music.126.net/ZxkXxJKygWQ4Op0i-sKWfQ==/109951166574877189.jpg?param=140y140,7042945337,https://music.163.com/playlist?id=7042945337,"介绍：
队长
黄礼格
夏之禹
Jony J
你的大表哥曲甲
沙一汀
楊佬叁
廖效浓
刘思鉴
...
...
日更
一人一首浪漫告白情歌
",11085,188,23
甜味Rap/轻轻吧唧你一口,_Jale,932万,http://p2.music.126.net/49xpFF0Sbrt91dj3iDm0eg==/109951163577520799.jpg?param=140y140,2339332957,https://music.163.com/playlist?id=2339332957,"介绍：
找个Rapper谈恋爱吧

他可以讲情话写情歌给你

还可以用freestyle哄你睡觉
",12万,1988,325
旋律说唱｜在猛烈的beat细嗅歌词的蔷薇,你的辰ya,28万,http://p2.music.126.net/cajWC83JuQskKahNAXM3pw==/109951167782798665.jpg?param=140y140,7584981253,https://music.163.com/playlist?id=7584981253,"介绍：
心有猛虎，细嗅蔷薇
每首说唱代表一个故事，每句歌词都心有所触
说唱歌手化身诗人，叙写着每个人包括自己的点点滴滴
生动的歌词加上炸裂的鼓点节奏，句句敲打着你我的心
",1486,10,2
Hip-hop | 又拽又酷的小姐姐歌单,WUlian_M,283万,http://p2.music.126.net/xugkbnkY_kGWP7eAzDHZew==/109951166292382947.jpg?param=140y140,6919282294,https://music.163.com/playlist?id=6919282294,"介绍：
主要以女歌手为准 持续更新 快去分享这个歌单给你小姐妹吧

封面：ins->lilmiquela
",39419,468,76
别急，甜甜的恋爱马上就轮到你了,名侦探-柯北,7094万,http://p2.music.126.net/vZ5ef3WzRneTTydXSzPauQ==/109951165994871935.jpg?param=140y140,2430524968,https://music.163.com/playlist?id=2430524968,"介绍：
别急
甜甜的恋爱马上就轮到你了

单身的女孩不要着急
也许上帝心里的想法是
我要给这个可爱的女孩留个特别的男孩

单身的男孩也不要着急
也许上帝心里的想法是
我要给这个帅氣的男孩找个优秀的姑娘

等到恋...
",75万,15674,6487
Trap｜R&B 在你的生命里加点黄色,奇怪少女7,151万,http://p2.music.126.net/s1VhxYnf-JzI4k5q5Q0Szg==/109951164252271525.jpg?param=140y140,2503601617,https://music.163.com/playlist?id=2503601617,"介绍：
欢迎来到Trap｜R&B世界
如果你现在听的这首不符合你的胃口，请切换到下一首，如果还不符合再请切换到下下首…相信我，绝对会有你爱的！
",24542,403,65
“甜味 旋律 Rap情歌”,张以晨_,437万,http://p2.music.126.net/5yILZubx2FWgZChffYZkmg==/109951166307066930.jpg?param=140y140,2356473597,https://music.163.com/playlist?id=2356473597,"介绍：
在什么都善变的世间，我想和你看一看永远
喜欢的友友们可以看其它的歌单哦~
歌单支持投稿
",47879,675,159
【K-POP】南韩黑泡•风格各异 高精良作品集,LiLaCphoria伊柾,59万,http://p2.music.126.net/ll4OF6fLXnoNEuc1E18imw==/109951166860366268.jpg?param=140y140,2955348838,https://music.163.com/playlist?id=2955348838,"介绍：
封面：郑号锡 (BTS)

南韩Rapper，
他们有一种玩世不恭的神气，
这也是我喜欢上Rap的原因。
就像摇滚被赐予一种精神力量，
看似抽象的东西，
一旦融入灵魂，
一发不可收拾。

“那些被叫做Rapper的人是因为...
",8491,352,245
【Rap】说唱嘛 跟着晃就完事了,猴里贵好想吃豆腐花,612万,http://p2.music.126.net/ANOon_QPYcNinJPNbpm_4w==/109951163318218823.jpg?param=140y140,2186405575,https://music.163.com/playlist?id=2186405575,"介绍：
听之前 请一定要先看一眼歌单评论区噢！
如果没看就听了 我怕你错过这个歌单！
第一首歌是我自己的 希望大家可以听听看 要是不喜欢的话就直接切歌 第二首开始才是歌单的正确打开方式！
(我努力持续更新哈）...
",78799,1282,288
『K-HipHop』韩语说唱精选集,Rootskool,106万,http://p2.music.126.net/Z3WAhofD_n1uJXLc93sY6w==/109951164028692655.jpg?param=140y140,2329761514,https://music.163.com/playlist?id=2329761514,"介绍：
药品名称：K-HipHop

译名/昵称：韩语说唱

药品类型：Old School Rap /Hardcore Rap/Jazz Rap /R&B等

药品作用:专治各种不服！

药品简介：韩语说唱个人精选集，网易云没有版权未加入，纯属个人花费大量...
",14362,136,178
英式说唱的进化UK drill,韭菜君总是如此慵懒,15万,http://p2.music.126.net/etjrvtCdVuQtsPNQ58JOlg==/109951168063190820.jpg?param=140y140,2369249132,https://music.163.com/playlist?id=2369249132,"介绍：
在2000年中后期，一种英式匪帮说唱Road Rap的出现来对抗Grime的日渐商业化并且代表着街头最新的声音。12年UK Drill作为他和芝加哥drill的分支开始从Brixton发展，可能与芝加哥Drill最大的不同是它没有auto...
",2428,64,49
旋律说唱Rap | 那些你很冒险的梦,四川贫困人口,946万,http://p2.music.126.net/yYF0OcC4sPNccCBgkTSi6g==/109951165002468210.jpg?param=140y140,5026569198,https://music.163.com/playlist?id=5026569198,"介绍：
如果你给我的，和你给别人的是一样的，那我就不要了。
",29585,113,16
甜系说唱 | 想要跟你爱到一百岁,张以晨_,112万,http://p2.music.126.net/cCiCEUwGpIxUqr4LKPfgkg==/109951167874235015.jpg?param=140y140,6976193072,https://music.163.com/playlist?id=6976193072,"介绍：
遇见你那天的日落比这更温柔一些。
",10640,147,41
浪漫节拍 ☪ 是晚风是心动是无可代替,月亮藏不住的小情绪,17万,http://p2.music.126.net/dmAhnYcnPlJPyjCNAvxVpw==/109951167830555948.jpg?param=140y140,7598946182,https://music.163.com/playlist?id=7598946182,"介绍：
我以前
觉得我是自由的

起码这一生
没有谁能降住我

遇见你以后
自由和野心我都不要了

我只要和你在一起

画师：LIN
",742,5,0
Rap | 代入感太强已经开始拽了,绉州,490万,http://p2.music.126.net/XbrIYEbu9E_-QVyayPZTLg==/109951166170356356.jpg?param=140y140,6623298175,https://music.163.com/playlist?id=6623298175,"介绍：
在不同时间段反复爱上说唱
",64266,874,291
毒性Drill精选UK Drill+US Drill更新⬆,YeahAyy,2543,http://p1.music.126.net/Mgn0LbcNl5CqJ5rEpvtrSQ==/109951168050869461.jpg?param=140y140,7740415503,https://music.163.com/playlist?id=7740415503,"介绍：
Drill的本意是报复或者斗争，在说唱中是一种音乐形式，Drill音乐是Trap音乐的分支，发源于芝加哥南部，以Trap编曲为基本框架，歌词内容多以社会底层的帮派生活、暴力等元素为主。Drill音乐的特点是808鼓机...
",64,,0
华语说唱 | 执着于押韵的技术尖端,Dream_d7,16万,http://p1.music.126.net/hD5iRT-Zsz-dvhZummy8vQ==/109951167920180363.jpg?param=140y140,7625921990,https://music.163.com/playlist?id=7625921990,"介绍：
#我想与你分享日常琐事
今 天 天 气 很 好
天 空 也 很 蓝
想 悄 悄 告 诉 你 很 多 你 不 知 道 的 秘 密
喜 欢 听 说 唱 的 你 欢 乐 就 会 加 倍
你 一 定 不 能 错 过 这 些 好 听 不 腻 的 华 语 说 ...
",873,9,1
『伤感说唱』越听越入迷,我诚等缘,204万,http://p1.music.126.net/tXziLvX-3r4Ja_0haYQVRg==/109951167994230318.jpg?param=140y140,3067038066,https://music.163.com/playlist?id=3067038066,"介绍：
不必太纠结于当下，也不必太忧虑未来，
人生没有无用的经历当你经历过一些事情后，
眼前的风景已经和从前不一样了。
",19590,257,71
Hip-Hop/90s/Golden Age/Old School,ZTM41,74万,http://p1.music.126.net/ElodFpCyC1ZccjGE3ZpN7Q==/19140298416647191.jpg?param=140y140,429253487,https://music.163.com/playlist?id=429253487,"介绍：
按地域划分包括美国各个地区、外来，按时间划分基本覆盖了老学校、黄金年代、90年代经典以及新世纪经典，real shit.
",14391,491,140
拽宝们必备 | Trap Rap 加持 一听不可收拾,复古的心,156万,http://p2.music.126.net/gw6fc3cb_fuOaQLjETEjaQ==/109951167147529804.jpg?param=140y140,480953725,https://music.163.com/playlist?id=480953725,"介绍：
-服务于大众的歌单-

Keep着这不羁的态度

随时给自己能量加持

什么困难都不是事。

——————
自我状态释放。
",24135,491,127
时差青年｜每个懂事的人都是宝藏,陈笑一Joylyn,559万,http://p2.music.126.net/Q8S0TdI-NlytsNzXhzanPQ==/109951165517615081.jpg?param=140y140,5363641064,https://music.163.com/playlist?id=5363641064,"介绍：
时常提醒自己
无论如何都要保持清醒
周围有太多的声音动摇你
有无数双手都在撕扯你
包括你的困惑
害怕和犹豫不决也会阻碍你
请你一定要坚定
要全力以赴
要清楚的知道自己想要什么
以及对所谓的「世俗标准」...
",42093,911,175
rapper说情话/超甜情歌想和你坠入爱河,是你的顾柒柒_cc,326万,http://p2.music.126.net/dOiVgMuSAgdEKGFBmbV15A==/109951167735122341.jpg?param=140y140,2834027258,https://music.163.com/playlist?id=2834027258,"介绍：
前方高能预警！rapper 要开始说情话啦，这份高甜的rap合集请注意查收。
希望你的梦里有甜甜的大白兔奶糖，有不会融化的草莓冰淇淋，有温度刚好的安慕希，有刚新鲜出炉的大肉包，有新鲜的苹果汁，有黏黏的香...
",38958,504,187
jazz hiphop | 感受爵士说唱的魅力,Wdtfts,22万,http://p2.music.126.net/hyl9U9pODM6w7LTe7fUISA==/109951165672993437.jpg?param=140y140,2941475858,https://music.163.com/playlist?id=2941475858,"介绍：
Jazz爵士说唱是一种将早期黑人音乐和当今主流音乐风格融合起来的一种尝试，在如今后者逐渐占据绝对地位的同时，它使得前者重新焕发出光芒。
",4104,48,20
拽姐辣妹必备性感做个酷girl♥,kkkbaby_,773万,http://p2.music.126.net/VHyV42JESrhY5IidNkaqxQ==/109951167851108999.jpg?param=140y140,537367797,https://music.163.com/playlist?id=537367797,"介绍：
辣妹必备哦 超好听超拽！
辣辣辣 下个辣妹就是你啦❦
都是一首一首选的 爆炸
",10万,1273,403
精致Rap说唱 |以后找个人陪你来唱,夕日向暖,876万,http://p2.music.126.net/6PZ2KwExcs-ls-kztoTqmA==/109951166446908802.jpg?param=140y140,2258837745,https://music.163.com/playlist?id=2258837745,"介绍：
没了音乐我又回到了现实……
",95298,1081,210
前方高甜！rapper们的情歌收录！[5.20特辑],JossJoy,470万,http://p2.music.126.net/xK3BRhYOOf9lzwHiirk6Yg==/109951166072118140.jpg?param=140y140,5474914023,https://music.163.com/playlist?id=5474914023,"介绍：
今天你“恋爱”了吗
快来让音乐带你走进爱的港湾吧
",48094,2348,90
那些甜甜的Rap情歌♡,如果车窗会讲话,1914万,http://p2.music.126.net/GDpjaIc7pmjYDzOyfPQjbQ==/109951163541670039.jpg?param=140y140,2091927797,https://music.163.com/playlist?id=2091927797,"介绍：
什么时候开始喜欢Rap情歌的 我也忘了

只知道当我反应过来发现我特别喜欢时

我已经离不开了

我离不开这种风格

就像我离不开你♡

——————————————————————————

说是甜甜的ra...
",23万,3017,375
说唱｜意难平终将和解,情感文字君,90万,http://p2.music.126.net/wXoh-niiNV9_UFeClLnJ_Q==/109951167218270768.jpg?param=140y140,2988656185,https://music.163.com/playlist?id=2988656185,"介绍：
我以前经常用拉黑来结束一段感情 但拉黑过后的每一刻心都会像被蚂蚁啃食一样难熬 翻遍各种社交软件偷看对方动态 忍住每隔一段时间就想要加回好友的念头 就这样反反复复 永远也不可能忘掉的 所以现在反倒觉...
",12367,195,64
lil jet 豆芽 姜云升 马思唯 法老,云朵西柚,482万,http://p2.music.126.net/DK6_kb9dCNZR2nnnkCd2uQ==/109951165420999889.jpg?param=140y140,2313914132,https://music.163.com/playlist?id=2313914132,"介绍：
你应该知道我这么帅只会出现在动漫
",50562,525,114
纵享丝滑好旋律,lOriagxN,40827,http://p2.music.126.net/eCN6qQxFutdM2GvapU56aA==/109951167535977192.jpg?param=140y140,7448280652,https://music.163.com/playlist?id=7448280652,"介绍：
旋律说唱 顾名思义就是更加注重旋律在歌曲中的部分 

因其唱上的悦耳动听 说上的动人心魄 这两者的结合可谓1+1 ＞2
",315,14,3
那些好听到爆炸的说唱啊,我没有熬夜,633万,http://p2.music.126.net/8q2k3Ctca1U-yfdiOKJrxA==/109951166672158312.jpg?param=140y140,2477863140,https://music.163.com/playlist?id=2477863140,"介绍：
我们都在奔赴各自不同的人生中忙碌.
",76204,704,475
rapper说情话┃旋律说唱┃甜甜的宝藏女孩必备,JossJoy,467万,http://p2.music.126.net/gJPhvZyfNjD25nnZ_YnDrw==/109951166301132991.jpg?param=140y140,5334020451,https://music.163.com/playlist?id=5334020451,"介绍：
·优质精选|蜜糖般的旋律
·作为宝藏女孩你一定会爱上的歌单
·甜甜的旋律似春风拂面，轻轻撩动你的耳膜
·各大走心Rapper们倾情献唱
让旋律在你心中尽情绽放
·可以投稿你喜爱的作品
歌单大大会认真评选哦
",53329,12368,124
【迷幻/氛围】Psychedelic melody,820Emc2,744万,http://p2.music.126.net/hD9AlEA36BUzFMSOqf4lUQ==/109951164236954260.jpg?param=140y140,2897562585,https://music.163.com/playlist?id=2897562585,"介绍：
All right
我想营造一种沉醉自己所热爱的兴趣，坚持自己定下的目标，享受自由的氛围，在迷幻的旋律中释放自己的情绪，在歌单中还留有一些彩蛋歌曲待大家发掘，最后祝大家都能实现自己的梦想，有一段美满的...
",12万,1690,379
旋律说唱，听你诉说这个世界,原点FM,438万,http://p2.music.126.net/fHNURe3hDFtkR_Zp70lxog==/109951164196001198.jpg?param=140y140,2873336061,https://music.163.com/playlist?id=2873336061,"介绍：
旋律性的说唱歌曲应该能引起很多共鸣，好听又有态度的音乐，歌词虽然有很多露骨，却以柔情的方式述说自己的态度和经历，甚至是最真实的自己，揭露的是最现实的世界，这也是Hip-Hop最有魅力的地方吧
",62257,809,311
让你停不下来的带感HipHop,JediMindTricks,680万,http://p2.music.126.net/OdK409MVljo9FuuYpETaOA==/7836219372363789.jpg?param=140y140,102445100,https://music.163.com/playlist?id=102445100,"介绍：
个人平时所听的各种曲风hiphop，新老学校，地上地下都有。
本歌单适合不是非常了解嘻哈音乐但又对嘻哈说唱感兴趣的朋友收听，别把这个歌单当做专业榜单盘点类歌单
我的电台上传了部分云音乐没有的资源
歌单...
",87597,1371,668
Trap Rap R&B 杂…」,Krixx_,912万,http://p2.music.126.net/1aSAgYEHYDx52G2amLoU8A==/109951164981406836.jpg?param=140y140,2875321368,https://music.163.com/playlist?id=2875321368,"介绍：
杂（仅个人喜好）
",15万,2122,534
提醒！甜度+100%，甜妹请注意查收~,浩瑄Acme,304万,http://p2.music.126.net/a5EpX9VUWxYZbxm1Iqq58g==/109951166711010606.jpg?param=140y140,7113336957,https://music.163.com/playlist?id=7113336957,,33065,508,98
新浪漫主义|让女生一秒心动的说唱甜诗 持更,曌懿卓轩,87万,http://p2.music.126.net/HoUc4IkVQWxpqBWPoj2k-w==/109951165957010495.jpg?param=140y140,6641728258,https://music.163.com/playlist?id=6641728258,"介绍：
“你的身边没有骑士，你就永远是我的公主”

“你的手里没有玫瑰，你就永远是我的王子”

“你不认为我们两个志趣相投的人各自游荡是一种浪费吗？

“独自一人才算游荡，两个人总会有个目标，比如，爱你。...
",7728,180,98
油 管 `好听到爆的英文,神不登登-,1531万,http://p2.music.126.net/K_EfGB5K0BX_MSB1F4I-fA==/109951163681121776.jpg?param=140y140,731340834,https://music.163.com/playlist?id=731340834,"介绍：
一 只 脏 猴 子
",19万,2394,662
放学路上必听｜温柔如风的说唱,0000FF少抽烟,28万,http://p2.music.126.net/hGjrL_a91tkU_Pqp1IBqxg==/109951167215715004.jpg?param=140y140,7357742406,https://music.163.com/playlist?id=7357742406,"介绍：
你听过如此温柔的说唱么?
无论正遭遇着什么，相信旋律入耳后会有power,从落魄中站起来重振旗鼓，要继续保持热忱，要继续保持微笑，就像从未受伤过一样。

欢迎收听，喜欢记得关注收藏哦～ （持续更新）
",1467,18,6
每日一首小众歌,艾木皮三,369万,http://p2.music.126.net/IE55V2-IEIH7g872iKOdfg==/109951166425696256.jpg?param=140y140,5069682147,https://music.163.com/playlist?id=5069682147,"介绍：
每日一首小众歌 每日更新 欢迎投稿哦
",40240,663,269
不可能不聽jazz нιpнop,夢遊樹,130万,http://p2.music.126.net/iP4Ldd48ohFyQL6Cr1nHkw==/18771962022809511.jpg?param=140y140,372357720,https://music.163.com/playlist?id=372357720,"介绍：
听jazz hiphop的时候感觉全世界的星星都在眼前了

记得分享给想一起看星星的人一起听
",31515,603,163
国外超级swag的说唱音乐 trap boombap,拒分,312万,http://p2.music.126.net/gSbp-8qrWPalogSARRohQg==/109951165466836165.jpg?param=140y140,692254353,https://music.163.com/playlist?id=692254353,"介绍：
明明歌都停了我怎么腿还抖个不停！！！
",44095,419,101
『能炸能晃』华语说唱天花板2.0,RyanZ阿郑,2272万,http://p2.music.126.net/oDejW2QCbJ5GaQVhdhAlGg==/109951166610483342.jpg?param=140y140,6699931397,https://music.163.com/playlist?id=6699931397,"介绍：
纯纯real华语黑怕合集 
只为大家集合各类大小众黑怕有水平的东西 
每一个坚持自己梦想克服困难用心做音乐的人
都应当得到尊重与支持 peace
如有补充或投稿请私信
更新时间：2022.6.28
",66991,4759,69
超甜Rap｜♥︎ 给 喜 欢 的 人 听 ♥︎｜,oreo灵,919万,http://p2.music.126.net/wTN_m150_3OLVRUBzBpOkg==/109951164478480862.jpg?param=140y140,2812685091,https://music.163.com/playlist?id=2812685091,"介绍：
要找到喜欢的那个他 和喜欢的人一起听甜甜的说唱
",10万,1424,381
欧美嘻哈＆【篮球节奏控】,毒克文,764万,http://p2.music.126.net/vl_cE5Xb_xxW8fMpJRDVWQ==/109951163419093224.jpg?param=140y140,549368187,https://music.163.com/playlist?id=549368187,"介绍：
请小心你的脚踝

鞋子里的气垫有助于Slam Dunk！
",12万,1293,424
Jazz HipHop｜迷人与惬意的交织,Bzstrive,11万,http://p2.music.126.net/gsUjVTK8R6mIOsUO1LxFkg==/109951167471242093.jpg?param=140y140,7434108972,https://music.163.com/playlist?id=7434108972,"介绍：
JazzHip-Hop是当代音乐最伟大的创举之一
舒适又刺激，新鲜又复古，
喝着 Hip-Hop 的节奏，
Jazz 被赋予全新的，自由的生命
闭上眼睛，好比自己翱翔于漫无边际的外太空，一切皆有可能
进入jazzhiphop的奇妙...
",2716,37,5
257位西海岸说唱歌手精选,EmBanks_Arman,358万,http://p2.music.126.net/VuPyE-uiUAgq9noQyhODow==/3306231464860370.jpg?param=140y140,83105064,https://music.163.com/playlist?id=83105064,"介绍：
维基百科所能查询到的所有西海岸HipHop艺人的音乐精选集。257位艺人，257首歌。
",86828,1664,818
『Melodic Rap』 | 令人沉醉的旋律说唱 |,HsiungTheKid,507万,http://p2.music.126.net/FsAKBESx3R5v1LUaTxu58g==/109951164709904271.jpg?param=140y140,2679916677,https://music.163.com/playlist?id=2679916677,"介绍：
本歌单为Melodic Rap爱好者量身定制。
Melodic Rap（旋律说唱）作为当下十分火热的说唱形式和说唱发展的未来，以抓耳的旋律以及引人入胜的flow而著称，首首精选，持续更新。
（本歌单目前暂时不接受音乐人...
",70049,1063,280
西海岸说唱 | Trap陷阱给大脑过电,让梦感动你,1472,http://p2.music.126.net/bS2Ah_bXfbegs26sh1fkcg==/109951168085400796.jpg?param=140y140,7737523640,https://music.163.com/playlist?id=7737523640,"介绍：
陷阱说唱（Trap Rap）起源于美国南部的亚特兰大，是说唱音乐的一个重要分支，也是目前最为流行的说唱风格，它吸收了美国南部流行音乐旋律性极好的特点同样也受到陷阱舞曲（Trap Music）的启发与影响。
",504,2,0
走心说唱｜信仰是人生指南针,0000FF少抽烟,10万,http://p2.music.126.net/1TuEPK_on48BsrI-NrOodg==/109951167220546356.jpg?param=140y140,7358960527,https://music.163.com/playlist?id=7358960527,"介绍：
他们通过说唱音乐真诚地表达着内心的情感与故事，向大众传递真善美的正能量内核。最终所达到的破圈效果无不在昭示着，说唱不仅仅是炫酷、潮流和叛逆，也不需要过多的押韵技巧和制作编排，真诚真实地讲述心...
",473,3,5
『说唱』清晨/日暮/落日/海风/晚霞/皆予你,肆玖音乐,155万,http://p2.music.126.net/yUqQ21nj0M5HxBFmwB-ZAA==/109951166070432876.jpg?param=140y140,6773453509,https://music.163.com/playlist?id=6773453509,"介绍：
好听的旋律说唱
每天都会增加新歌
姜云升
刘聪
乃万
黄礼格
马思维
Santa-SA / 马也
蜡笔小新
Copy / BT07_PZ
大年
林达浪
Plggy
幼稚园杀手
LKF34
前男友
王以太
XMASwu
GS.L
KaFe Fu
...
...
...!
大家点...
",13371,174,67
浪漫主义 | 云雾消散之际 我爱你人尽皆知,月亮藏不住的小情绪,44万,http://p2.music.126.net/lJNkBrvLKhJ9u0u9lNqPCQ==/109951167420906978.jpg?param=140y140,7437374315,https://music.163.com/playlist?id=7437374315,"介绍：
我看过春风十里，见过夏至末至，试过秋光涟漪，爱过冬日暖阳，全抵不过你一句，我想见你。

封面•野良神
",3091,41,15
小众说唱 | 独立的灵魂不做谁的附庸,与你梦游到下世纪,19647,http://p2.music.126.net/rsbMclNJxwtm3-uuawZVKA==/109951167966696310.jpg?param=140y140,7578545614,https://music.163.com/playlist?id=7578545614,"介绍：
《一代宗师》中叶问曾经说过：

“我见过了高山，
才发现最难过的原来是生活。”

二十多岁的年纪不可能认命，相信破茧成蝶，相信涅槃重生，不能因为摔了跤就一直待在原地不起来，我们要做的是彻底斩断自己...
",130,1,3
节奏起飞丨坐上我的跑车感受推背,原创君,584万,http://p2.music.126.net/bSPc5zpfFQxGHdNjjk3cNw==/109951166962591926.jpg?param=140y140,6593961746,https://music.163.com/playlist?id=6593961746,"介绍：
随节奏摇摆
我要做最闪耀的午夜玫瑰

/封面来自@张秃秃Tracy
",52049,594,213
说唱TOP：关关难过，关关过,永远ok丨,2997,http://p2.music.126.net/51S8RHtOFPOwZzZ2OujI5w==/109951167873349198.jpg?param=140y140,7635205031,https://music.163.com/playlist?id=7635205031,"介绍：
偶尔不开心的时候就当是快乐正在加载

说唱精神
",12,1,0
「爵士说唱」向日葵味道的旋律,研究表明狗会听音乐,56万,http://p2.music.126.net/5TXGY89roKkOsFdoz_F92g==/109951164075009953.jpg?param=140y140,385210059,https://music.163.com/playlist?id=385210059,"介绍：
封面来自《混沌武士》
个人收藏的 Jazz Hip-hop

忘记烦恼
忘记一切
",11989,233,96
干嘛听苦情歌 以为多浪漫,你又来偷偷看我了吗,213万,http://p2.music.126.net/OifT1SzOXBMKASTz3Xpmyg==/109951165469044962.jpg?param=140y140,642788714,https://music.163.com/playlist?id=642788714,"介绍：
不管发生什么 都别放弃
",19986,235,86
rapper唱情歌 | 高能雷达☢,小何_jian,1202万,http://p2.music.126.net/z2lyND8vA9vV8Dbm4NDNmg==/109951166204860107.jpg?param=140y140,4933201498,https://music.163.com/playlist?id=4933201498,"介绍：
v：rapper515
情歌环节
欢迎友友们来到小何的歌单里
歌单主打高能单曲，风格以情歌为基础的歌单
不是所有甜甜的歌才叫情歌
歌单中有很多宝藏歌曲都需要你们去发掘
爱你不止3000遍
",13万,1715,9
有很多的rapper情歌,_-陈冠希-,880万,http://p2.music.126.net/Ejxh5EkPc6d5sKje984ybA==/109951167502019990.jpg?param=140y140,2008947511,https://music.163.com/playlist?id=2008947511,"介绍：
这些歌都是为了与你一起听,因为我爱你不是情话，是真心话。（建议随机播放）
",12万,1671,288
Jazz HipHop经典系列,雰川水也,228万,http://p2.music.126.net/-15MWttNV5Cm7fqi82MT3A==/109951163045255646.jpg?param=140y140,21129118,https://music.163.com/playlist?id=21129118,"介绍：
12345679 × 45
12345679 × 18
12345679 × 00
",47274,897,308
辣妹听hiphop!!,CreepyCreepyCreepy,750万,http://p2.music.126.net/tnmiAQOZfcDqp38wd_veNA==/109951166079101615.jpg?param=140y140,2049779104,https://music.163.com/playlist?id=2049779104,"介绍：
[持续更新]

Close your eyes count to seven
And then You will be in heaven

谁说小姐姐不听说唱？
",12万,2304,373
I'm the Queen ｜ 拽姐专属BGM ,COOLIN1217,209,http://p2.music.126.net/VFZlLM34r-NYuLXSYb4FFQ==/109951168066922238.jpg?param=140y140,7724710164,https://music.163.com/playlist?id=7724710164,"介绍：
并不是所有女孩都是用糖果、香料和美好的东西做成的
有些女孩，生来即代表冒险、美酒、智慧与无所畏惧
勇敢向前冲吧
",3,,0
你是可爱的小朋友 值得遇到最好的人,mayuko然,1273万,http://p2.music.126.net/9VzqGEl8QTv9om11FK1hGw==/109951164135857052.jpg?param=140y140,2816423152,https://music.163.com/playlist?id=2816423152,"介绍：
希望你遇见的人 “让你重新做回小朋友”
希望你遇见的人 “没你不行 能坚定的选择你”
希望你遇见的人 “对你付出全部的温柔和爱”
希望你遇见的人 “觉得你比世界更重要一点”
希望你遇见的人 “宠你 爱你...
",11万,2174,793
美式说唱/板仔skateboard/刷街系列,Telwq,28856,http://p2.music.126.net/XhixdYipqKDzjBcdreLoKg==/109951164746006976.jpg?param=140y140,2694426667,https://music.163.com/playlist?id=2694426667,"介绍：
The Renaissance was an epoch of unparalleled cultural achievement.
",308,8,5
「温柔的地下诗人」,重慶二流仔,1172万,http://p2.music.126.net/EX4sP6kIxMbnYzvHunKseg==/109951162983644195.jpg?param=140y140,427024108,https://music.163.com/playlist?id=427024108,"介绍：
偏爱轻饶舌 偏爱pop rap 偏爱男女搭配 
偏爱funky 偏爱 old school jazz hiphop
这个歌单只听我喜欢听的 现在谁都是个rapper
想要我把你歌加进歌单 好不好听心里没点b数吗
",13万,2270,814
浪漫限定 ♡ 和喜欢的人一起吹吹海风去吧,月亮藏不住的小情绪,23万,http://p2.music.126.net/gAyLloXZyB9z9f3EwakCvQ==/109951167672656817.jpg?param=140y140,7537414134,https://music.163.com/playlist?id=7537414134,"介绍：
希望我们不止是 在谈恋爱
更要一起 奔赴未来

你靠近我 我走向你
互相迁就 双向奔赴

我心疼你的不容易
你宠我的小情绪
互相偏爱 才值得♡﻿
",1220,17,17
hook好听的华语说唱,wabbbbbi,164万,http://p2.music.126.net/rPo_WhyeYNdfyYoCbPY1ew==/109951165003467274.jpg?param=140y140,2723340897,https://music.163.com/playlist?id=2723340897,"介绍：
HAVE A NICE DAY: )
欢迎来挖掘宝藏
会私心混点喜欢且好听的R&B

推荐album:
• 刘聪 - KEY to L
• 王以太 - 演.说.家
• 安全着陆 - 安全自救手册
• AR(刘夫阳) - 非流行说唱
• 瘦子 E.SO - 灵魂出窍O...
",20138,300,123
自嗨必备||200首优质HipHop歌曲精选,JealousBoy,81万,http://p2.music.126.net/ewFs-cJR8-cvLOuFzSpXKA==/109951165495483551.jpg?param=140y140,5003037677,https://music.163.com/playlist?id=5003037677,"介绍：
在家无聊吗？
来一首好的HipHop歌曲解乏吧！

遇到困难了吗？
来一首好的HipHop歌曲放松放松心情吧！

陷入歌荒了吗？
来一首好的HipHop歌曲加入你的心动列表吧！

从多于三千首的合集中精选出的二百首Hip...
",8618,110,24
致敬奋斗｜随机播放那些埋头发光的日子,秋chill的首席推歌官,18万,http://p2.music.126.net/-xNVDyIVj57-FAKxf3bxLw==/109951165926641640.jpg?param=140y140,6730173517,https://music.163.com/playlist?id=6730173517,"介绍：
【嘿 siri！拿起mic致敬那些奋斗的日子吧！】

为什么不停问
为什么都说你不行 笨
为什么总说你不勤 奋

/

你不去碰壁把握机遇 一直不停寻找
你开足动力拼命积聚 在每天的清早
你加快脚步追赶 想让他们吓...
",1310,2,5
旋律说唱丨循环系列,Selected音乐,2325万,http://p2.music.126.net/UV7LczgG7Jd6ZXc5WLHVWg==/109951165177553168.jpg?param=140y140,2423939332,https://music.163.com/playlist?id=2423939332,"介绍：
(接投稿)因为专一 所以专业 让你感受最动听的旋律说唱 持续更新
",19万,4947,558
国产HipHop从地下到地上,设计院OG,3926万,http://p2.music.126.net/t97_FTCUQsFJrh-gSE33_g==/109951167665585892.jpg?param=140y140,638864394,https://music.163.com/playlist?id=638864394,"介绍：
个人喜好歌单
",42万,6134,3056
[RAP]中文励志说唱——为梦想努力奋斗,真让我火大,19150,http://p2.music.126.net/jnlcp5En66NhUtlOYrNl6g==/109951167961113719.jpg?param=140y140,7615829654,https://music.163.com/playlist?id=7615829654,"介绍：
虽然你的路走错了

但是你看到了别人看不到的风景
",63,,0
“就怕rapper说情话”,有人弄乱了玫瑰-,374万,http://p2.music.126.net/lJTQrwPvC1C2d7bgsT60qg==/109951165504311009.jpg?param=140y140,5355088033,https://music.163.com/playlist?id=5355088033,"介绍：
不要因自己的贪玩和任性 辜负了那些爱你的人.
",36375,417,124
Rap Star「高质量说唱精选」,力OG,2281万,http://p2.music.126.net/j2VKyWbhokZYDiDZm3tt_g==/109951165217904337.jpg?param=140y140,3035765774,https://music.163.com/playlist?id=3035765774,"介绍：
接投稿 听说唱必备歌单,好听到爆持续更新!!!
",17万,4906,468
Rapper说情话｜突然想闻一闻恋爱的酸臭味,原创君,1593万,http://p2.music.126.net/pvykzS6dyOPNkLT-nBCJFg==/18557557255604481.jpg?param=140y140,867730778,https://music.163.com/playlist?id=867730778,"介绍：
不怕流氓有文化，就怕Rapper说情话。(持续更新)

在台上张牙舞爪的说唱歌手，其实私底下说起情话来眼里满是爱意，说唱里也不只是节奏，经常会有些洗脑又撩人的旋律伺机钻进大脑里。

这里聚集Rapper们的情...
",20万,4051,750
Jony J 有思想的嘻哈诗人,ice-angel,1828万,http://p2.music.126.net/A-fuc5YMeav8qgOWIkRd9Q==/18868719044751248.jpg?param=140y140,817685692,https://music.163.com/playlist?id=817685692,"介绍：
好看的人多，有趣的人少
所以在这个时代
我们会格外珍惜那些骨子里帅气的人
Jony J就是这样一位Rapper
",21万,3365,930
韩Rap‖用嘴炮唤醒晕眩的大脑,酸性猫咪奶茶,41986,http://p2.music.126.net/kjCersLTCSvIC9jw9ffQMA==/109951167300726429.jpg?param=140y140,7383150542,https://music.163.com/playlist?id=7383150542,"介绍：
用强硬的rap打破清晨的困倦
感受嘴炮的轰炸
从节奏中感受力量
比起靠键盘做HIPHOP
更喜欢用行动回击
用这rap肆意的在你耳朵上击打
We gon burn the night

封面:BTS成员闵玧其SUGA
",196,5,5
时光漫步 | 记一场盛夏里的双向奔赴,月亮藏不住的小情绪,65476,http://p2.music.126.net/4fvKkMPNAajCK4n6vNknvQ==/109951167736089863.jpg?param=140y140,7567668432,https://music.163.com/playlist?id=7567668432,"介绍：
我们的青春时光
在时间的指针中悄悄不见

还没来得及尽情挥霍青春
我们便已奔向属于各自的远方

曾经属于我们的青春时光
总想用相机把它锁进照片中永远的留存

任由岁月无尽的敲打
依旧清晰存放在我们的心...
",293,5,1
Big Latto 乐透姐 全收录,Cardi_B,2146,http://p2.music.126.net/-mYaKXfrCxtRJIlXbfPgLQ==/109951168021191670.jpg?param=140y140,7658525052,https://music.163.com/playlist?id=7658525052,"介绍：
艺名：Latto (原Mulatto) 
译名：乐透/拉朵
原名：Alyssa Michelle Stephens
粉丝名：Jackpots
出生年月：1998-12-22
首专：Queen From Da Souf (2020)
二专：777 (2022)
合作艺人：Mariah Carey、Chris B...
",11,2,0
甜蜜说唱 | 宝贝 我只要你的偏爱和例外,月亮藏不住的小情绪,57517,http://p2.music.126.net/GlxFwkE0fdF1EKp5ZIbt8Q==/109951167730853934.jpg?param=140y140,7564548625,https://music.163.com/playlist?id=7564548625,"介绍：
“世间所有相遇，都是久别重逢， 所有的遇见都不会太晚。”

好像冥冥中
早已注定一样

前世都有走过
对方生命中

现世再次相遇
如同久别重逢一样

我希望这次
能成为你唯一的偏爱和例外
",286,4,10
"trap,嘻哈榜，（最洗脑的歌曲）",Boy2099,169万,http://p2.music.126.net/0hqSAAXGRA4jLGmGmZXGkA==/109951167829951015.jpg?param=140y140,2051476669,https://music.163.com/playlist?id=2051476669,"介绍：
每首都洗脑，超强后劲，自己都不敢经常听这歌单怕自己的，颈骨都摇断了
",21822,300,99
你乌云逃走在我上空 hyper pop/Rage,渡日夜,35万,http://p2.music.126.net/zCrt76M4za2bqLrbBZxBAA==/109951167471644806.jpg?param=140y140,2793403811,https://music.163.com/playlist?id=2793403811,"介绍：
乌云 乌云 逃走在我的上空

关于mumble rap/new wave：
字面上就是模糊不清的说唱

mumble rap是trap发展到极致后的一个产物
在空洞无物的陷进节奏中 
已经不再需要词汇去带动听众的情绪 
而是演唱者跟随着...
",2375,42,9
节奏Rap｜运动一夏 健身必备,这条平凡的狗_QwQ,36万,http://p2.music.126.net/lIF6avMGvwui3D75IQ-2vw==/109951166135399856.jpg?param=140y140,6835124022,https://music.163.com/playlist?id=6835124022,"介绍：
随着近几年人们生活水平提高…
越来越多的人喜欢上了健身…
但是健身本就是枯燥乏味的过程…
过程虽然很辛苦…
但是只要坚持就会得到想要的回报…
健身不光是身材上的变化…
更多的是内心的变化…
让你由内...
",3203,44,12
「抒情rap」风接着吹，车窗摇下头发飞,Evelauren,87万,http://p2.music.126.net/gpMbVJWyi8mIpOqQommCLA==/109951165458500742.jpg?param=140y140,821147605,https://music.163.com/playlist?id=821147605,"介绍：
小可爱们有想推荐的歌曲欢迎投稿~

不定时更新 感谢收听/支持❤喜欢记得收藏/分享❤

建议 | 听歌也需要耐心 别急着切 前奏后面或许有惊喜 祝你们都能遇到自己喜欢的音乐♫

当前封面: 桔梗

听歌愉快
",10508,187,59
超炸Rap丨好听的Flow花式的秀,oreo灵,661万,http://p2.music.126.net/MZPM5uEwhy2ITd7cdEluXA==/109951164232179423.jpg?param=140y140,2670213947,https://music.163.com/playlist?id=2670213947,"介绍：
有趣的灵魂会Rap 前几首有些是热度不太高的歌曲 但是很好听 希望喜欢就在歌里留下评论谢谢
欢迎补充 留在评论我会看
我加入了英文饶舌 但是不想改歌单名字 9月18日
",64507,710,407
【说唱情绪】放手 也许就不遗憾了,Lion_Z狮子,344万,http://p2.music.126.net/p6nDvI5xJP1DiRHzNBkyEw==/109951166264868655.jpg?param=140y140,6904135265,https://music.163.com/playlist?id=6904135265,"介绍：
我的过去 我的未来
编制旋律 还在等待
你的过来 待续...
",7947,57,25
每天都有不同的難過｜亞比二次元& new wave,怡爆炸,85057,http://p2.music.126.net/5_Onkca6RTNTJyLvGduCPA==/109951167204275922.jpg?param=140y140,7233535491,https://music.163.com/playlist?id=7233535491,"介绍：
爺的心禁止訪問 別讓俺心碎
",2279,31,16
Swingman_z0,Swingman_z0,186万,http://p2.music.126.net/2nCGkWIYDsU4-DY6TYUs_A==/109951166470886271.jpg?param=140y140,6818649749,https://music.163.com/playlist?id=6818649749,"介绍：
Become each other's souls.
",58198,522,270
嘻哈糖果/上帝啊 这些Rapper情话犯规了,小龙再见了,624万,http://p2.music.126.net/Ok6NGtWdCDP7CKeUYAyy5g==/109951163589599038.jpg?param=140y140,2454417037,https://music.163.com/playlist?id=2454417037,"介绍：
你穿的再多
心里没我
还是冻死你.....
恩mmm
还有
{不出名的rapper可以投稿给我}
",98798,1146,493
【国内说唱】适合无限循环播放Rap,奋力爬上山巅的山羊,231万,http://p2.music.126.net/15I7nVPCiJh9bmMmhkgH9A==/109951167503653645.jpg?param=140y140,7455142766,https://music.163.com/playlist?id=7455142766,"介绍：
节奏太强，音浪不晃，会被撞到地上。
精选听歌喜好整理分享
",28870,312,72
Jazz Rap丨嘻哈街头与雅痞绅士,丨IIIIIIIIII丨,17万,http://p2.music.126.net/BJXXBiQMFcSvjKOt6MrRQA==/109951167593024566.jpg?param=140y140,4865889792,https://music.163.com/playlist?id=4865889792,"介绍：
不一样的爵士不一样的嘻哈。

细腻柔和的曲风，优美的辞藻搭配优雅的爵士伴奏，节奏感韵律十足，你会在舒适轻松的氛围中得到治愈。

Jazz Rap的节奏与hip-hop完全一样，其素材和音乐结构取自于cool jazz（...
",3492,44,19
一起甜滋滋 | Rapper唱情歌 想给你快乐,原创君,67万,http://p2.music.126.net/NbhmW1XkW8qfg4sK3QEIaQ==/109951165291459814.jpg?param=140y140,5213031406,https://music.163.com/playlist?id=5213031406,"介绍：
感受短暂而漫长的心动
然后在律动里写进诗篇

rapper把情歌唱给你
想你快乐

封面来自网络
",6358,142,83
Trap Rap｜低音轰炸 匪帮唱诗 ,GucciVoss,61万,http://p2.music.126.net/m9l8eZ9-_QqGK8SBK3N65A==/109951163909379443.jpg?param=140y140,2017497382,https://music.163.com/playlist?id=2017497382,"介绍：

在受害者酒精里发现少量血液

",7399,183,65
Hiphop 男声 | 入耳既醉的性感声线,一只眼睛的鹿_,1238万,http://p2.music.126.net/uqkRSb9GuN9Gw-FReWNQyg==/109951166332296993.jpg?param=140y140,6938538798,https://music.163.com/playlist?id=6938538798,"介绍：
他就站在那里不说话，嘴角噙笑，眼神清亮，世界都亮了。
",16562,121,51
Rap R&B丝滑优美旋律,GK9999,254万,http://p2.music.126.net/44kUuSMLJs2FS4lO5buYYA==/109951165433494456.jpg?param=140y140,2309814959,https://music.163.com/playlist?id=2309814959,"介绍：
Rap R&B个人喜欢
",40416,447,98
Hip Hop | 温柔的夜里，你是我最后的甜蜜,薛定谔的缝纫机,420万,http://p2.music.126.net/u9kwjZ_bf66QBwc9EqwQ9g==/109951167301864885.jpg?param=140y140,2181195918,https://music.163.com/playlist?id=2181195918,"介绍：
还记得是一个温柔的，吹着潮湿海风的夜里，你问我，你知道最幸运的数字是什么吗?我说不知道呀。你说，是五。我问，为什么是五呢?你张开手掌道，你看这是不是五呢，来，把你的手插进我的手指缝间哦，这样我...
",53886,717,142
油门踩到底丨听说跑车越粉 马力越猛,原创君,24万,http://p2.music.126.net/N0KWBID0UDfTMDqzUiR9Mw==/109951167901415014.jpg?param=140y140,7650348166,https://music.163.com/playlist?id=7650348166,"介绍：
VroomVroom
坐上我的芭比粉超跑
感受引擎的轰鸣

/封面来自网络
",1071,17,16
情歌说唱/想把你搂在怀里,_Jale,148万,http://p2.music.126.net/dz4rBBQCP3AZ48PB7RaOww==/109951163577612126.jpg?param=140y140,2383994105,https://music.163.com/playlist?id=2383994105,,20331,282,112
伤感EMO说唱:才想起我们还没有好好道别,四川贫困人口,114万,http://p2.music.126.net/EDL7sO_EN5wOVPGrD01rRw==/109951167807732024.jpg?param=140y140,7603083259,https://music.163.com/playlist?id=7603083259,"介绍：
我理解你小心翼翼地远离人群，只是因为你曾厚待过他们，他们却辜负了你。
",914,,2
那些好听的beat说唱,做你的柠檬水,369万,http://p2.music.126.net/b08YX7-7t0D5QPFKVoJ5QQ==/109951164036446504.jpg?param=140y140,2434195584,https://music.163.com/playlist?id=2434195584,"介绍：
让人治愈的话 那一定就是说唱.
",41416,589,101
【美式Rap】篮球、撸铁、健身、练肌,奋力爬上山巅的山羊,30944,http://p2.music.126.net/YEozYpzb115fJNMecM1DbQ==/109951166784172061.jpg?param=140y140,6910943140,https://music.163.com/playlist?id=6910943140,"介绍：
收藏超100更新，持续收录中，健身控可安利
",246,2,1
hiphop『国产高质量』,xy耀,1203万,http://p2.music.126.net/9wQNNtCf1ZoyxpXwX7ZnzQ==/18933590230374600.jpg?param=140y140,440582108,https://music.163.com/playlist?id=440582108,"介绍：
喜欢hiphop一定要支持国产，这张高质量国产hiphop歌单希望你能喜欢!
",13万,3126,580
酷酷的歌 ♡ 要悄悄努力 然后惊艳所有人,月亮藏不住的小情绪,59491,http://p2.music.126.net/SQnITlut4bN0QhDRKwXkzw==/109951167751640483.jpg?param=140y140,7575209471,https://music.163.com/playlist?id=7575209471,"介绍：
带着不后悔勇敢地奔赴未来，不也是一件很酷的事情吗
",335,3,2
超炸英文rap,1900killthevibe,163万,http://p2.music.126.net/CPsPeiEnNIWKzQJCgeHUNQ==/109951163870427291.jpg?param=140y140,2673281124,https://music.163.com/playlist?id=2673281124,"介绍：
收藏歌单 顺便给我账号点个关注呗 谢谢大家
接推广！！！
",21192,291,199
「欧美说唱」温柔rap唱给你听,The_Shire,58546,http://p2.music.126.net/0cY26CtlMC2oubnTBs18uw==/109951166921619488.jpg?param=140y140,7212442830,https://music.163.com/playlist?id=7212442830,"介绍：
心情不好的时候，这些英文歌是最好的解药。不仅可以消除烦恼，也为你增添一些快乐。不怕歌荒，优质嗓音，给你的耳朵大大的满足。或许你不知道这些歌的意思，但是总有那么一段 旋律在你的脑海循环，让你 瞬...
",1693,10,3
「说唱」那你呢 喜欢过我吗,可你怎么总是忘记我很爱你,375万,http://p2.music.126.net/erp10S4nDUQBIegEiIe7xQ==/109951163850159224.jpg?param=140y140,2411565253,https://music.163.com/playlist?id=2411565253,"介绍：
月亮很亮 亮也没用 没用也亮
我很喜欢你 喜欢也没用 没用也喜欢

",56130,572,457
当炸裂beat配上炸裂说唱flow,多写loop容易秃头,356万,http://p2.music.126.net/yWeZr5Jr6egmg2ZjXsWUww==/109951164103440809.jpg?param=140y140,2755687592,https://music.163.com/playlist?id=2755687592,"介绍：
炸就vans了
",45759,639,166
旋律说唱感受Rapper（深情告白ing）,倒数-18,1078万,http://p2.music.126.net/qni8rZxVshOkPUv4ZpB5-w==/109951168021414737.jpg?param=140y140,2930011300,https://music.163.com/playlist?id=2930011300,"介绍：
只放好听的，有好歌私信我（持续更新） 推广投稿：November_583
",77806,1048,527
欧美HipHop当下流行RAP(建议随机播放）,阿天不钓鱼,65万,http://p2.music.126.net/kFkxqM1McHMXpm8EmOy3pg==/109951164777325550.jpg?param=140y140,4901099218,https://music.163.com/playlist?id=4901099218,"介绍：
说唱不仅是一种音乐的表达形式，它也代表着纯正的HipHop 文化，这份歌单绝对能带给你当下欧美流行Rap的味道，赶快收藏起来吧。
",8127,187,30
HipHop风格-爵士说唱（Jazz Rap）,Rootskool,37万,http://p2.music.126.net/x4maIFifJvVtGJGqyVizew==/109951166347930413.jpg?param=140y140,2483061644,https://music.163.com/playlist?id=2483061644,"介绍：
爵士说唱（Jazz HipHop）/Jazz Rap 爵士说唱  

是一种将嘻哈音乐和爵士音乐融合的音乐形式，歌词通常乐观向上，具有良知，甚至是非洲中心起源思想。就节奏来说，爵士说唱的音乐还是更为嘻哈一点，不过歌曲...
",6448,114,43
心动时刻 ☪ 浪漫与夏天的完美结合,月亮藏不住的小情绪,21万,http://p2.music.126.net/M_lv4TYBNwwh9TvdArVRyw==/109951167710564397.jpg?param=140y140,7554881911,https://music.163.com/playlist?id=7554881911,"介绍：
你风尘仆仆向我走来
胜过所有温柔

这个夏天
想和你环游世界

希望所谓的偶遇
都是我们心照不宣的合作

文案作者：摆渡人阿Q
",2010,47,35
微醺Hiphop | 扑通 醉倒在酿满爱的银河,你要乖喔-,843万,http://p2.music.126.net/-8A5EGZ8hz3byulhycfk2Q==/109951165108319236.jpg?param=140y140,5091550227,https://music.163.com/playlist?id=5091550227,"介绍：
「本歌单收录了高糖分的中文说唱

“爱”啊 就是从“认识你”到“陪伴你”」

好想跑去找你，然后抱紧你

和你说声我想你，即使不见面

我心里只有一个位置

里面安安稳稳放着你♡ 

爱情是茫茫宇宙里冥冥...
",79267,1059,140
⁢[节奏Trap] 槟榔加烟法力无边,狙臀,86万,http://p2.music.126.net/DTRcFJ-O6CjKVgfZAgrCYA==/109951167125684259.jpg?param=140y140,2209412974,https://music.163.com/playlist?id=2209412974,"介绍：
感谢收藏，这里都是你想听想要的~
",10322,250,87
『Drill文化·让世界不再沉闷」Drill到底!,贝嘞个京泽,1720,http://p2.music.126.net/hA1gqvjan5p--Adsau1z0w==/109951167937874488.jpg?param=140y140,7652223958,https://music.163.com/playlist?id=7652223958,"介绍：
「Drill里的高能预警·让世界不再沉闷」

这几年的中文说唱进步太快，紧跟潮流了 Drill music虽然已经存在有一段时间，但一直局限于「纽约、芝加哥」等区域。

在最近几年，才经过「pop smoke、Chief Keef」...
",11,,0
情绪说唱|音乐只提供氛围 听的是自己的故事,诉喵,4236,http://p2.music.126.net/vpdFjtzHBEgTGMh5yKm3ZA==/109951167934230202.jpg?param=140y140,7609122811,https://music.163.com/playlist?id=7609122811,"介绍：
音乐只提供氛围 听的是自己的故事
",39,1,0
最怕rapper说情话,可你怎么总是忘记我很爱你,745万,http://p2.music.126.net/lX3kPSLZt-TjWmCaRM-ZFA==/109951163850876839.jpg?param=140y140,2349211741,https://music.163.com/playlist?id=2349211741,"介绍：
不是情歌很甜
是和我谈恋爱的你很甜
",10万,1828,379
最怕Rapper唱情歌丨高能预警！代入感太强,角港,34万,http://p2.music.126.net/8-WzzdJCWSSE3yy56yxc6Q==/109951167844497425.jpg?param=140y140,7454200021,https://music.163.com/playlist?id=7454200021,"介绍：
“ 智者即入爱河，智者也听饶舌。”

今天分享一下 一直忽略很久没发布的Rapper歌单，很好听 代入感很强！真的非常值得推荐的Rap～

感谢之前收藏过我共享歌单的铁铁们！好的rap值得分享和推荐，今天分享的...
",2288,26,29
甜度99% | 饶舌歌手藏在星河里的浪漫,名侦探-柯北,221万,http://p2.music.126.net/q6BM3ITbzd5sWNN2ErWF5w==/109951164259415354.jpg?param=140y140,2897918638,https://music.163.com/playlist?id=2897918638,"介绍：
我理想的爱情：

一屋两人
三餐四季
狗在跑，
我在闹，
他在笑。

最初喜欢于样貌，
然后却沉溺于才情，
最后折服在于三观。

有钱，有爱，有孩子
他不出轨，
我不出轨，
就足够了。
醒同笑睡同床
生同房死...
",21208,314,85
吃一口糖 那些高甜的【中文rap】请签收,-甜饼怪BABE-,103万,http://p2.music.126.net/fxtHD6AP0HSxlYgK5px1mg==/109951166685229202.jpg?param=140y140,7101844587,https://music.163.com/playlist?id=7101844587,"介绍：
我偷偷看到你偷偷看我哟 投稿请私信
",16349,212,101
「说唱」我不想堕落 可我不快乐,可你怎么总是忘记我很爱你,55万,http://p2.music.126.net/VQihF-i8htP3kxWSPinkQQ==/109951163850139194.jpg?param=140y140,2395621500,https://music.163.com/playlist?id=2395621500,"介绍：
“我将懊恼暗藏于心，一味地掩盖自己的忧郁和敏感，竭力把自己伪装成纯真无邪的乐天派，逐渐将自己塑造成一个滑稽逗乐的怪胎。”

――太宰治《人间失格》
",6087,116,41
最强中文说唱,SFGXZT,1882万,http://p2.music.126.net/JMRatt50ckFSt6EDkYO5ow==/109951167670568558.jpg?param=140y140,777915656,https://music.163.com/playlist?id=777915656,"介绍：
最强中文说唱
",16万,4437,2524
甜蜜说唱 ：心动到小鹿乱撞,一只眼睛的鹿_,1039万,http://p2.music.126.net/3SZ47Ml05q2mZS2dvdryBg==/109951166324551536.jpg?param=140y140,6938479113,https://music.163.com/playlist?id=6938479113,"介绍：
他一眨眼 温顺的小鹿有跳动一下 柔软的暖风有轻拂一下 遥远的星星有闪烁一下 我也有心动 却不止一下。
",13153,170,18
精选/一听就中毒的rap,逃雪天,160万,http://p2.music.126.net/ltT6pJj_0K0FRAJgfh84yw==/109951167578588120.jpg?param=140y140,5062377502,https://music.163.com/playlist?id=5062377502,"介绍：
说唱 是指有节奏地说话的特殊唱歌形式。发源于纽约贫困黑人聚居区。它以在机械的节奏声的背景下，快速地诉说一连串押韵的诗句为特征。这种形式来源之一是过去电台节目主持人在介绍唱片时所用的一种快速的、...
",15279,181,31
『TRAP』旋律播放了一下就上头了/精选,只亲嘴不恋爱可以吗,61万,http://p1.music.126.net/vZOt4rRUIQOugT9BrtprRQ==/109951164606541081.jpg?param=140y140,2846637634,https://music.163.com/playlist?id=2846637634,"介绍：
『优质宝藏歌单』 持续更新 trap 一个歌单就够了 随机播放 又不好听的你找我。推荐另外一个前奏炸裂歌单灰常不错滴
",6997,181,55
用情至深的rappers,EileenShell,626万,http://p1.music.126.net/SgK1YfbPA6srO5Cqnos1wA==/19153492556456734.jpg?param=140y140,1982518452,https://music.163.com/playlist?id=1982518452,"介绍：
The moon for the night
And you forever ♡
",81077,1237,231
rapper们的高甜情话你听过吗？,Andy_Yuee,148万,http://p1.music.126.net/5Cl0nouFFnPtEtHIzNBOZg==/109951166883009368.jpg?param=140y140,7213920180,https://music.163.com/playlist?id=7213920180,"介绍：
rapper们的高甜情话你听过吗？
",15964,321,166
艾米纳姆：成为王？明明可以做上帝,亏普,259万,http://p1.music.126.net/47_IdgETtAkfxevgJV6Njg==/1384285140742647.jpg?param=140y140,88337987,https://music.163.com/playlist?id=88337987,"介绍：
阿姆（英语：Eminem，另有一別名為Slim Shady），本名马绍尔·布鲁斯·马瑟斯三世（Marshall Bruce Mathers III），是一位美國饒舌歌手、音樂製作人及演員。他在1997年被饒舌歌手兼製作人Dr. Dre發掘，其後簽...
",41117,682,633
我将玫瑰藏于身后 ♡ 时刻期盼着于你赴约,月亮藏不住的小情绪,12万,http://p1.music.126.net/lBBv7VjtaW_KJeaJkiQ2tQ==/109951167751579963.jpg?param=140y140,7530016814,https://music.163.com/playlist?id=7530016814,"介绍：
我喜欢日出日落的静谧，爱着天空也深爱着你。把怦然心动和一切热爱，都寄予活着也是一种浪漫

缘分是在转角后的再次遇见,是两个人的美丽邂逅

我将玫瑰藏于身后，时刻期盼着于你赴约。希望在下一个路口的拐...
",490,4,4
中文hiphop\一个人的歌单，rap，hiphop.,拾贰零弋,269万,http://p1.music.126.net/XmByss0F-mVwfEylDi7fMQ==/109951164870455850.jpg?param=140y140,2360205462,https://music.163.com/playlist?id=2360205462,"介绍：
看，你会发现一个音乐世界。
生活很苦，自己加糖。
认真生活。
",26965,408,133
沉迷Luh Kel （旋律天才）,那是我仅有的温柔和爱你的原因,862万,http://p1.music.126.net/BaMdh3bY4lcsgmDVl8YrBA==/109951164052460638.jpg?param=140y140,2196397364,https://music.163.com/playlist?id=2196397364,"介绍：
Luh Kel(lifeluhkel)原名Turran Coleman，于2002年5月20日出生（那应该是金牛座），来自圣路易斯。电影音乐的最新签约作者说唱歌手，他所freestyle翻唱的《So Sick》在各个音乐平台爆火，使越来越多的人关...
",13万,2124,501
错乱下的粒子漫游,lOriagxN,66万,http://p1.music.126.net/FWPpIQXOOX5lPZoZSmhBAw==/109951166341764273.jpg?param=140y140,6947774912,https://music.163.com/playlist?id=6947774912,"介绍：
根据统计 全宇宙所有粒子的总和大约10的80次方个
",10475,318,37
Emo/Cloud Rap丨不完全情绪混合物,电烧,336万,http://p1.music.126.net/mOAig1qxUKIjMECIYjlLtQ==/109951163597929338.jpg?param=140y140,2450558426,https://music.163.com/playlist?id=2450558426,"介绍：
个人喜好，谢绝投稿
",61439,1227,385
编辑精选Vol.91｜沸腾现场,云音乐说唱专区,23万,http://p1.music.126.net/6kD-uN3l8uZpL71wDsTaBg==/109951168086789467.jpg?param=140y140,5351538447,https://music.163.com/playlist?id=5351538447,"介绍：
〖更新日记〗11月24日 编辑精选 Vol.91｜沸腾现场 2022年卡塔尔世界杯已经开赛！诸神齐聚卡塔尔，本期精选让我们用Hip-Hop音乐感受世界杯的沸腾现场！
",1349,26,10
Rap宝藏歌曲 小鬼Jony J 福克斯 朱星杰 等,oreo灵,501万,http://p1.music.126.net/OBOBibu5Gh1qZIT_In86Jg==/109951164676343089.jpg?param=140y140,2822923425,https://music.163.com/playlist?id=2822923425,"介绍：
不喜欢的别评论 别在这里展现你的素质
喜欢的收藏！ 谢谢
",57454,590,884
【欧美女rapper】高能说唱女大汇集,奋力爬上山巅的山羊,23万,http://p1.music.126.net/r9uzkDnwQJmpjNhVLUmwGA==/109951166787303109.jpg?param=140y140,5243198559,https://music.163.com/playlist?id=5243198559,"介绍：
女皇陛下，
拽酷辣是姐的代名词。
",4157,48,20
Melody Rap｜Trap&B｜旋律说唱｜顶级旋律,BlackCarrion,37万,http://p1.music.126.net/8HgTrzpS9y_LIA7_b0hJAg==/109951168086198167.jpg?param=140y140,7223126828,https://music.163.com/playlist?id=7223126828,"介绍：
Listen, seeing you got ritualistic
听 瞧你这么有仪式感，
Cleansin' my soul of addiction for now.
暂时净化着我上瘾的灵魂.

飘逸在这陷阱旋律里.
戴上耳机，暂时脱离这个‘美丽’的现实
（持更）
",4477,73,27
⚡️ HIPHOP | Hey Is Life $$$,-GIRLHOODH-,487万,http://p1.music.126.net/tf5vwTpBzFszhnb76G8JKQ==/3420580695762934.jpg?param=140y140,325993939,https://music.163.com/playlist?id=325993939,"介绍：
喜欢就完事了
",57315,1477,258
嘻哈说唱 | 尝试一下新鲜事物好吗？,Karollkk7,2128,http://p1.music.126.net/xRQ8cwqXK1txgGVKGmMV4w==/109951167863230274.jpg?param=140y140,7630570462,https://music.163.com/playlist?id=7630570462,"介绍：
我就是那种什么好就一直做不会腻的人，好喝的东西就一直喝，好听的歌一直听，好喜欢的人就会一直喜欢
",12,,0
hiphop『进口好货』,xy耀,341万,http://p1.music.126.net/J8hJW4k3E94ChZOOupsIRA==/109951165230093802.jpg?param=140y140,615350798,https://music.163.com/playlist?id=615350798,"介绍：
不一样的感觉，一起体验纯正的进口Music!
",54196,1022,315
Old school 和 Jazz hiphop,仲深,48万,http://p1.music.126.net/dfawzNPIrquKgbSYC3me4w==/109951163585004817.jpg?param=140y140,2452206297,https://music.163.com/playlist?id=2452206297,"介绍：
生活需要些律动，我们需要些律动

旧式嘻哈（old school hip hop）是指非常早期的嘻哈音乐，来自1970年代和1980年代纽约市街头的「街角派对」

还有很多其他类型歌曲，别太在意～
生活已经很累了，来了就放...
",9515,271,85
来福好室说唱店作品集,偷偷的叹了口气,26538,http://p1.music.126.net/22OlCNBLtAb7suLXFTKC2w==/109951167746721504.jpg?param=140y140,7518862153,https://music.163.com/playlist?id=7518862153,"介绍：
官方：
自今年2月份，《说唱新世代》第二季开启选手招募以来，我们从未停止寻找优质rapper。虽然受到疫情影响，《说唱新世代》第二季无奈延误，但我们还是想给大家一个说唱的夏天，所以才有了“说唱新世代...
",112,4,8
Free beat 更新中…,CAND1E_Beatz,223万,http://p1.music.126.net/f_X0Cue0iIPbu2cL9lvj7g==/109951164837772547.jpg?param=140y140,4897659061,https://music.163.com/playlist?id=4897659061,"介绍：
beat歌单
producer可免费投稿
投稿需要关注我以及收藏本歌单
请遵守规则，不守规则以及收录了取关者将永久不再收录
",7275,1711,14
「Jazz-HipHop 」沉醉的鼓点与旋律,南风不烬,58万,http://p1.music.126.net/smv_zkOZLXZ0w6WMUJjl1g==/109951167391120830.jpg?param=140y140,563355240,https://music.163.com/playlist?id=563355240,"介绍：
我觉得听Jazz-HipHop像处身于海边，海风像音符一样不断地从耳边吹过，温柔的旋律抚平心中所有的失落与不安；它会包容任何状态的你，明天太阳依旧在海边升起。
",9330,286,25
不 是 你 的 girl,甜甜9ir1,329万,http://p1.music.126.net/s98_1AfTbLuA9QndCzQsEw==/109951163678574897.jpg?param=140y140,604261580,https://music.163.com/playlist?id=604261580,"介绍：
众生非甜皆苦 唯你百味难辨
",36779,512,204
甜蜜Rap：你是心动贩卖所，脸红接收处,New1an,75万,http://p1.music.126.net/SPW9JfESFzB9NvAyTvNtfQ==/109951168014533646.jpg?param=140y140,873126054,https://music.163.com/playlist?id=873126054,"介绍：
rapper的深情都藏在这里,这一刻心动的信号你可否收到~

做你床边的小熊 打败梦里的恶龙

yqrzcjs！
",8379,369,73
私奔還是約會？｜宝藏单循说唱,怡爆炸,18万,http://p1.music.126.net/gsrBImDrbpwYGbetmI9ggQ==/109951166473326681.jpg?param=140y140,1991712926,https://music.163.com/playlist?id=1991712926,"介绍：
“今晚就私奔 我和你”
",5177,80,11
聆听优质的中文说唱Flow Vol.1,泰迪它三岁,1793万,http://p1.music.126.net/2-qVp0AZihfyerC1w_u12Q==/18790653720734327.jpg?param=140y140,867916143,https://music.163.com/playlist?id=867916143,"介绍：
# 首先个人觉得Flow这个词其实是很难被定义的。（你读一篇几百个字的关于Flow艺术的文章还不如拿自己的耳朵去听几首能把Flow玩到极致的Rapper的作品）
# 其次每个说唱歌手都有他自己的风格，对伴奏的驾驭方...
",18万,4381,1229
cute hiphop|可爱的女孩子喜欢听,IKAYKAI,58万,http://p1.music.126.net/a7nt-3pWj6RNgvqH6ZsYyw==/109951166503510443.jpg?param=140y140,6717999436,https://music.163.com/playlist?id=6717999436,"介绍：
你怎么那么可爱
那么的乖
世界因为你
而变了色彩
世界都变成粉色了
我心都变成粉色了

封面来源:网络
",4709,160,10
FreeOut 没有一个不靠谱的小兄弟,偷偷的叹了口气,40万,http://p1.music.126.net/wWNMoqhFX5jCgE9uKU7mgA==/109951165613100939.jpg?param=140y140,2792436045,https://music.163.com/playlist?id=2792436045,"介绍：
说起这个名字的由来，光光说：“Free-Out本身是水运贸易里卸货的一个术语。Hip Hop源自美国，我们就像船员一样把大洋彼岸的黑人文化带过来。”

——————————————————

成员包括: 
MC光光...
",5811,89,71
「RAP」只有在深夜里才能终究忘却悲伤,苦涩之于海水,36万,http://p1.music.126.net/AdRnKnhXwZVqhBWIqWHj5w==/109951167660562407.jpg?param=140y140,7533738507,https://music.163.com/playlist?id=7533738507,"介绍：
一个人时翻山越岭，两个人时穿过四季。
当Rap唱情歌，你就知道什么都会有可能。
人间本不该令我这么欣喜的 但是你来了。
",1518,14,6
Girls Power｜欧美女Rapper,Cardi_B,24803,http://p1.music.126.net/zbr-yGJQWThLaj3R91E40Q==/109951167149287196.jpg?param=140y140,6617401055,https://music.163.com/playlist?id=6617401055,"介绍：
女性也能玩转嘻哈 

歌单内是女rapper的主场 

不知不觉拽了起来 

不定时更新
",183,101,16
危险派对 超甜旋律rap,金金Z1,17万,http://p1.music.126.net/FRAd1Ep0N7urA5uJxSXPEg==/109951166431776979.jpg?param=140y140,3065806198,https://music.163.com/playlist?id=3065806198,"介绍：
是我隔音效果太好 否则你肯定能听到我怦怦的心跳声 隔着三千棵树 六百条河
",1811,30,0
国语情歌说唱 : 甜蜜rap制造机 ,秋chill的首席推歌官,60万,http://p1.music.126.net/IKrRBd5skDI-bq99tJXQBA==/109951167074882811.jpg?param=140y140,7297727968,https://music.163.com/playlist?id=7297727968,"介绍：
‘’我想你对你做 春天对樱桃树做的事‘’

春天 浪漫因子迸发 
令人意乱情迷的旋律 轻轻撩动你的耳膜

这里有一份蜜糖般的情歌说唱 请查收～
",10397,120,32
「说唱」超炸超甜的旋律rap,一只雪梨呀_vc,245万,http://p2.music.126.net/6kmF9mQk0B3Om0G9KjcF0w==/109951165781665805.jpg?param=140y140,2866471705,https://music.163.com/playlist?id=2866471705,"介绍：
非常棒的旋律说唱
每一首都是甜到不行的小情歌～
每一首都是非常炸的说唱~
",20906,161,20
Rapper的浪漫不一般,Able辉,213万,http://p2.music.126.net/aJqcq4vh-NO1aGEA2UnYIg==/109951167446584962.jpg?param=140y140,2445914083,https://music.163.com/playlist?id=2445914083,"介绍：
最怕rapper讲情话，更怕走心的rapper讲情话，每句歌词都会触动你的内心
",20853,255,25
（力量训练）黑色类固醇 蹲腿 马泽发科,太岁_M390,62万,http://p2.music.126.net/wzIEwZlvqNvN4vTGIf9U2g==/109951163796043104.jpg?param=140y140,2615384918,https://music.163.com/playlist?id=2615384918,"介绍：
god helps those who help themselves 。「天助自助者」想要强中生强，就得不断努力。
",7062,132,42
那些酒吧里放的特别拽的歌曲$,2-5R,324万,http://p2.music.126.net/7ZxemR27_h2PHmKE7IEl4A==/109951163895363654.jpg?param=140y140,2688991686,https://music.163.com/playlist?id=2688991686,"介绍：
流行的嘻哈酒吧里面播放的开场曲与高峰期放的火爆嘻哈歌舞全在这里
",39428,415,117
希望你的头也能跟着点,我就是那个搞混音的清酒,189万,http://p2.music.126.net/dEs1uDPXiG7J21pmsoar1Q==/109951165676220129.jpg?param=140y140,5069713395,https://music.163.com/playlist?id=5069713395,"介绍：
我都懒得解释这个歌单有多屌了
",205,2,1
Trap Rap|陷阱说唱的低音冲击,卧室坐家,315万,http://p2.music.126.net/pub--udcI8YlzbJt47vekw==/109951163700341622.jpg?param=140y140,2538119796,https://music.163.com/playlist?id=2538119796,"介绍：
陷阱说唱（Trap Rap）
起源于美国南部的亚特兰大，
是说唱音乐的一个重要分支，
也是目前最为流行的说唱风格，
它吸收了美国南部流行音乐旋律性极好的特点同样也受到陷阱舞曲（Trap Music）的启发与影响。...
",46423,667,99
甜味chill rapღ专属你的微醺曖昧贩卖机,是庚野啊,32万,http://p1.music.126.net/o5rNy8IiFFiHGWtkBhAbcQ==/109951167548482396.jpg?param=140y140,7463416411,https://music.163.com/playlist?id=7463416411,"介绍：
精选甜味十足的rap！！！

一个人的夜晚拒绝emo！！！

嗨起来吧！

歌单有话说：
等我们熬过了异地恋我会紧紧抱住你好好珍惜你，永远不让你离开我所有答应我手不要给被人牵怀抱也记得就给我，我很自私，希...
",1758,26,7
“你真的甘心错过吗？”,于嘉懿1,486万,http://p1.music.126.net/yzx8vlw0sqWawRt0guHNZQ==/109951167767159914.jpg?param=140y140,6752221322,https://music.163.com/playlist?id=6752221322,"介绍：
我时常问自己是否真的听懂这些歌，为何总是揪着过去不放手。我真的不甘心.....可又有什么用呢？前方的路漆黑一片，不知道危险躲藏在哪里，只剩我一个人被孤独无限拉扯。

我真的不能想象没有你的未来........
",15335,643,161
少 女 心 狙 击 手,林遇ELul,333万,http://p1.music.126.net/ZLNO7XdFeOWODtdrBM4UzQ==/109951165874124644.jpg?param=140y140,6702371651,https://music.163.com/playlist?id=6702371651,"介绍：
有骑士保护的公主永远都不用担心新裙子 换句话说有我在你永远不用长大
",36968,773,239
超甜Rap｜♥︎ 情 话 说 给 你 听 ♥︎｜,oreo灵,748万,http://p1.music.126.net/ggi2ikSkpyuaJ51s_NcJ2w==/109951164623939122.jpg?param=140y140,2562684293,https://music.163.com/playlist?id=2562684293,"介绍：
超甜rap的糖果炮弹 要不要和rapper谈个恋爱
",86947,1089,305
Emo说唱 | 伤口在烟雾中凝结,紫薯米昔,1385万,http://p1.music.126.net/r2TVaAWbVJjz7DaSIPkZOw==/109951166887614326.jpg?param=140y140,7220849432,https://music.163.com/playlist?id=7220849432,"介绍：
偶尔做一个温柔的人，不言不语，不争不抢，不紧不慢，淡然处之
",25780,719,50
『J-HipHop』日语说唱精选集,Rootskool,42万,http://p1.music.126.net/PYgjVu0LZaBsYWFFMXC4_w==/109951167584868186.jpg?param=140y140,2332480013,https://music.163.com/playlist?id=2332480013,"介绍：
药品名称：J-HipHop

译名/昵称：日语说唱

药品类型：Old School Rap /Hardcore Rap/Jazz Rap 等

药品作用:专治各种不服！

药品简介：网易云没有版权未加入，纯属个人花费大量时间主观精选，其中包含部...
",10246,152,161
『中文rap』2022好听到原地恋爱的说唱歌单,肆夏无人,600,http://p1.music.126.net/HYRQGL48Q0gyIZyUiudRQQ==/109951167897986652.jpg?param=140y140,7647211947,https://music.163.com/playlist?id=7647211947,"介绍：
收录新鲜血液，新歌，燃起hiphop魂。
（各类风格都有）中文说唱
觉得好听的可以推给我
",9,1,1
“爱 在 黄 昏 日 落 时”,blue_涵i,121万,http://p1.music.126.net/3sDyvXhNVw2EiGuJ6vKLPw==/109951166214167557.jpg?param=140y140,3097267488,https://music.163.com/playlist?id=3097267488,"介绍：
对大部分的喜欢都是一时的 包括爱也是。
建议：听完歌单再去评论
投稿有意私
",11341,119,46
欧美宝藏音乐推荐（精挑细选）,抖音博主lookatme,19万,http://p1.music.126.net/7G2UKaMqfBvgjwZk-VERbQ==/109951167251422352.jpg?param=140y140,3204720807,https://music.163.com/playlist?id=3204720807,"介绍：
好家伙歌单被你发现了有品味，每首歌都是精挑细选的！自己发新歌会不定时置顶，好歌单不要忘记跟最好的朋友分享！！谢谢
",2076,70,94
中国说唱巅峰对决2022（LIVE版) ,Rootskool,68万,http://p1.music.126.net/pXX7SrT6g0XqkSNhL_tYyA==/109951167577794716.jpg?param=140y140,2331083776,https://music.163.com/playlist?id=2331083776,"介绍：
中国说唱巅峰对决现场版收录
爱奇艺华语乐坛说唱歌手顶级联赛《中国说唱巅峰对决》正式官宣24位参赛选手，分别是艾热、董宝石、白景屹、布瑞吉、Capper、GAI周延、蒋文涵、功夫胖、黄旭、杨长青、刘聪、李...
",4466,59,10
中国说唱巅峰对决2022作品集丨全收录,芳心收集人士,46万,http://p1.music.126.net/qf462fDQVMxFnh2xzz2IfQ==/109951167878366996.jpg?param=140y140,7241567256,https://music.163.com/playlist?id=7241567256,"介绍：
作为今夏唯一一档说唱节目，爱奇艺《中国说唱巅峰对决》在承包了一大波热度的同时，也掀起一场夏日说唱的回忆杀。如果说5年前是初生牛犊的一鸣惊人，那这一季则是多年修炼后，顶尖rapper们之间的大师过招，...
",3425,118,24
态度说唱 | 跟着节拍 摆出最SWAG的姿势,原创君,48万,http://p1.music.126.net/Ne5rQUibOS5N6V_GgiXsmQ==/109951165387815828.jpg?param=140y140,5262438368,https://music.163.com/playlist?id=5262438368,"介绍：
跟随音乐 身体律动
摆出最SWAG的姿势
什么都不重要
展示你的态度

（封面来自于网络）
",3610,68,37
睡觉前的情歌说唱;-),我要逃学威龙,144万,http://p1.music.126.net/EbAuiYZv-nzDUzPZqAoHag==/109951164860994928.jpg?param=140y140,4946086065,https://music.163.com/playlist?id=4946086065,"介绍：
甜甜的说唱（持续更新）情歌为主
",16061,1066,46
我也想谈恋爱，可我不想分手了,名侦探-柯北,746万,http://p1.music.126.net/wP9htBhzeHL45Q2dGO8iUA==/109951163814290361.jpg?param=140y140,2631421932,https://music.163.com/playlist?id=2631421932,"介绍：
17岁失恋了
可以躲在厕所里哭
可以在ktv喝酒唱通宵
可以哭得昏天暗地
可以发誓以后和他老死不相往来
然后重新开始
像没有受过伤一样

22岁失恋了
一夜未眠 一夜游荡
第二天却还要假装没事
因为你还要工作
...
",66416,1219,788
旋律说唱|快跟我谈恋爱|甜甜的中文说唱,肆夏无人,666,http://p1.music.126.net/c1IUbMF5Qy_h0pzzOy6DNQ==/109951167982766094.jpg?param=140y140,7649528988,https://music.163.com/playlist?id=7649528988,"介绍：
听了就让人有想谈恋爱冲动的歌单!❤️❤️❤️
不定时更新～推歌（旋律说唱）
",5,,0
Urban | Swag Dance 适合跳舞节奏HipHop,VEEZiE_WYGD,65万,http://p1.music.126.net/qyQYSp4trtLcyzsSvYaTyw==/109951164223988333.jpg?param=140y140,168375719,https://music.163.com/playlist?id=168375719,"介绍：
「Urban | Swag Dance | HipHop」［Urban Dance］「Shoot Dance」「Dab Dance」「Backpack kid dance」“Hit The Quan” “Ayo,Teo” “Russell Horning” ”Roy Purdy” “Hit Dem Folks”
",8983,187,18
佛罗里达最硬的黑人,POSITIVEENERGYXXX,368万,http://p1.music.126.net/zq3nMPEhu2efaSHcb16_Tw==/109951165132089448.jpg?param=140y140,2513570815,https://music.163.com/playlist?id=2513570815,"介绍：
不要让你的躯壳定义你的灵魂
要让你的灵魂去定义你想成为怎样的自己
XXXTENTACION
",56416,687,416
国产emo说唱:再好听的诺言也没有用,四川贫困人口,88501,http://p1.music.126.net/MYowiCZ7H3YA_mnVpgJfsg==/109951167807725734.jpg?param=140y140,7603122261,https://music.163.com/playlist?id=7603122261,"介绍：
那我就不等你了 如果有更好的人出现 我就去握他的手了
",632,,2
「甜味rap」心都被俘获了讲什么道理,文字艺术家,646万,http://p1.music.126.net/H6MNn8fFfVSEi98vBOMdoA==/109951163534752884.jpg?param=140y140,2404490132,https://music.163.com/playlist?id=2404490132,"介绍：
给你一口甜甜
吃了就是我的人了
",10万,1185,290
喜欢用说唱怎么说,银河,691万,http://p1.music.126.net/btd8GhsD9VTCoEESkO3elA==/109951163507248478.jpg?param=140y140,945185470,https://music.163.com/playlist?id=945185470,"介绍：
Rapper的情话太甜腻
持续更新＃
I̡̕͜͝͝ ̶́l͟͜ơ̴̧͝v̀̕͝͞é̸̛͡͝ ̀͟y͢͝͠҉o͜͞u̶̷̶͠ I̡̕͜͝͝ ̶́ I̡̕͜͝͝ ̶́l͟͜ơ̴̧͝v̀̕͝͞é̸̛͡͝ ̀͟y͢͝͠҉o͜͞u̶̷̶͠
",81403,1371,597
流行HIP-HOP,最不土的土嗨,432万,http://p1.music.126.net/0mvfH4pcivM1Q9ngnZvI5Q==/109951166329441412.jpg?param=140y140,1993076710,https://music.163.com/playlist?id=1993076710,"介绍：
我从小就是一个Nigger热爱街头文化，喜欢涂鸦，喜欢滑板，喜欢街舞，喜欢一切街头文化 但说唱音乐才是我生活中的必需品 我希望全世界都在听hiphop把hiphop蔓延至各个角落
",53288,3160,330
《中国说唱巅峰对决》选手作品集,偷偷的叹了口气,152万,http://p1.music.126.net/EEiPZarQi3VQ3F8QgAKFww==/109951167614858241.jpg?param=140y140,5013599598,https://music.163.com/playlist?id=5013599598,"介绍：
本季说唱集结华语乐坛知名说唱歌手联手打造《中国说唱巅峰对决》，他们将组成三大联盟，为团队荣誉而战，打造说唱版“三国杀”，解构中文说唱版图。通过最专业的中文说唱舞台竞演，聚焦华语顶尖说唱音乐，...
",14428,126,85
【疯狂抖腿】hook很适合说唱蹦迪,奋力爬上山巅的山羊,1296,http://p1.music.126.net/FLoKNesjpaotmN-qGj9m_A==/109951164912637120.jpg?param=140y140,7680523787,https://music.163.com/playlist?id=7680523787,"介绍：
没有人能阻挡我，随地蹦迪的细胞，只要曲对，我必须crazy

",8,,0
伤感说唱rap | 忘了是怎么开始,生活的温柔总会哒哒哒地跑,1355万,http://p1.music.126.net/6Eh8DToVtBimpu4bShusIg==/109951165481350346.jpg?param=140y140,5310111557,https://music.163.com/playlist?id=5310111557,"介绍：
你完美地躲过了所有正常操作

所以 该怎么找到你？
",34922,2014,75
「说唱hiphop 」无限循环,嘻哈收音机,2373万,http://p1.music.126.net/yKdKkLhyuvtw1Rzm0Mz_yQ==/109951165246864411.jpg?param=140y140,3029459640,https://music.163.com/playlist?id=3029459640,"介绍：
可合作 听一首正能量的hiphop谈一场轰轰烈烈的恋爱！
",14万,2832,380
只想私藏的中文说唱,Still7roy,602万,http://p1.music.126.net/jfWLh0fyLvkmTIXpbj24Mg==/109951164872515459.jpg?param=140y140,1993902005,https://music.163.com/playlist?id=1993902005,"介绍：
有酷炫flow 
有柔情說唱 
更是甜蜜嘻哈
本歌单包含多种曲风
最好随机播放咯
我坚持做自己喜欢的歌单 会不定期更新 希望你们也喜欢
",80136,1051,308
炸了 ！炸了 ！炸了 ！Swag极品,Rootskool,417万,http://p1.music.126.net/uOpJ__CV5Dbo3F4RCnN-jA==/109951163453998908.jpg?param=140y140,2320144876,https://music.163.com/playlist?id=2320144876,"介绍：
SWAG起源于美国黑人文化，属当下潮流顶端的舞蹈风格，不称为舞种。

基础表现形式是HIPHOP，但更偏向于形容范儿，代表跳舞时由自身的信心，文化，风格，和风度带来的状态。可以让你总是保持昂首阔步的态度...
",58566,1029,216
「说唱hiphop 【中文精选】Made in China,-甜饼怪BABE-,168万,http://p1.music.126.net/ebU_8eNxwFWmr2-1TKN1Lg==/109951166654429963.jpg?param=140y140,7086586403,https://music.163.com/playlist?id=7086586403,"介绍：
喜欢的宝宝点个收藏会持续更新
",24258,346,33
请随机播放，切歌算你赢,leyoonafr,1933万,http://p1.music.126.net/7dnehyBinTBaaKzvfRpSSg==/109951167933125937.jpg?param=140y140,2394125021,https://music.163.com/playlist?id=2394125021,"介绍：
支持歌单合作
",27万,4527,2913
只有old school才是我的血液,adan_beatz,394万,http://p1.music.126.net/XqU9YjYXSuXL0tWDaP8KQQ==/109951162833933629.jpg?param=140y140,38363410,https://music.163.com/playlist?id=38363410,"介绍：
hiphop 90‘s classic—old school 4 ever 不管旋律还是鼓点都很经典
还有评论的大神些，纯正的歌单你们来弄，我建这个歌单最初就是我自己听着用，也没想过会有这么多人收藏，不用来喷我也不用来喷这个歌单...
",67739,1933,777
[抓耳Hook] FLOW很舒服的说唱,我不对劲,83187,http://p1.music.126.net/4Lgb1ST-gviYaWDPVxh6_w==/109951167819683718.jpg?param=140y140,7536488328,https://music.163.com/playlist?id=7536488328,"介绍：
零星地变得优秀，也能拼凑出整个银河。

我们兵分两路，然后山顶重逢。
",653,3,0
G-Funk | 西海岸的风,-王祖贤-,10万,http://p1.music.126.net/RVNwaO96_4hpSzOFH-awlg==/19029247742110186.jpg?param=140y140,496493947,https://music.163.com/playlist?id=496493947,"介绍：
(持更)海岸 街头 慵懒 舒适 叛逆 复古车 采样 合成器 男声 女声
",1706,28,8
超甜Rap｜♥︎ 万 里 星 河 不 及 你 ♥︎,oreo灵,128万,http://p1.music.126.net/muiV00dGS1jC4dPu0lvfBw==/109951164623940627.jpg?param=140y140,2827242378,https://music.163.com/playlist?id=2827242378,"介绍：
精选超级甜的rap情歌 持续更新
有推荐的可以留在评论 会看 谢谢收藏 收听

你的眼睛真好看
里面有日月冬夏晴雨山川
但还是我的眼睛更好看些
因为里面有你
",10572,208,136
欧美Rap说唱神曲｜奏战歌，全体起立！,夏日与晚安君,1657,http://p1.music.126.net/ctGyJij7AJtZRwNTZ71ItA==/109951167993978141.jpg?param=140y140,7703107112,https://music.163.com/playlist?id=7703107112,"介绍：
说唱是美国黑人音乐中的重要组成部分，
是街头文化的主要基调，
是世界流行音乐中的一块“黑色巧克力”

现在的流行音乐界，
说唱是非常受到大家青睐的，
无论是从网络到街头，
都能看见嘻哈的影子，
希望...
",19,,1
『艾丽』甜甜的旋律情歌说唱,芳心收集人士,28320,http://p2.music.126.net/XkwoeX1FowDxN-KV1YoDxw==/109951168028514309.jpg?param=140y140,7128137415,https://music.163.com/playlist?id=7128137415,"介绍：
歌单收录目前最流行的中文说唱 带你领略中文说唱的魅力

喜欢歌单的可以收藏关注不迷路 好听到可以单曲循环 歌单持续更新中～
",256,2,0
Show Me The Money 777 - 给我钱7,HeyareyouoK,20万,http://p2.music.126.net/I64bm7eEBpMcDx5aaRFFIQ==/109951163638093136.jpg?param=140y140,2424449893,https://music.163.com/playlist?id=2424449893,"介绍：
#SMTM777# #D.Ark# #nafla# #Loopy# #super bee# 
#ph-1# #kid milli# #coogie##金孝恩##OLNL#
大写的nafla和Loopy这对CP的死忠粉！酸哥和米粒冲鸭！
(⁎⁍̴̛ᴗ⁍̴̛⁎)给我钱女孩疯狂给中国弟弟D.Ark爆灯了...
",2679,44,41
『旋律说唱』节奏中感受潮流,小软溪,228万,http://p2.music.126.net/fpCYnQhZaYYy_voJucZLCA==/109951165844562150.jpg?param=140y140,6684635510,https://music.163.com/playlist?id=6684635510,"介绍：
我们活在纷乱的世界，
每天看到虚伪的假面，
只有说唱，能让我忘乎所以的宣泄。“
",4563,29,10
前方注意！精选高甜【rap】请签收,Ji_s0o,1724万,http://p2.music.126.net/dN1KUxIzRe0HwmtOO1190g==/109951167653407505.jpg?param=140y140,2119378458,https://music.163.com/playlist?id=2119378458,"介绍：
饶舌饶不过你
甜心不过是你

这个不mf接投稿
接投稿
",22万,2869,947
「欧美说唱」殿堂级欧美hip hop,Leonsamiz,68万,http://p2.music.126.net/KehS24GaNYcXJY-9eBUF2A==/109951163021711758.jpg?param=140y140,104533395,https://music.163.com/playlist?id=104533395,"介绍：
说唱(RAP)，20世纪90年代初风靡欧美的一种音乐流派，那时的说唱乐在MC.Hammer、Vanillalce等艺人的大力推广下，加上MTV的推波助澜，一时间风光无限。但随后由于Grunge、Britpop等音乐的崛起，Rap被打入冷宫...
",8361,84,36
国产hiphop百听不厌,Double_Mini,2245万,http://p2.music.126.net/fAosv5GQByjwNzMTvzN4UQ==/109951165667645455.jpg?param=140y140,3119595459,https://music.163.com/playlist?id=3119595459,"介绍：
( 接投稿 ) 带给你非常有质感的国产说唱单曲百听不厌的好音乐每天用心更新希望大家多多收藏评论多多支持
",13万,4649,509
技术流说唱—只安排厉害的技术流说唱,SPRYY段子手,51万,http://p2.music.126.net/0BEnwo0krrb5-9GlhYRN1A==/109951164967780214.jpg?param=140y140,2725612297,https://music.163.com/playlist?id=2725612297,"介绍：
当你听到这个歌单，你一定会跟随节奏跳跃起来，只收藏优质快嘴说唱歌曲，如果你有好歌也可以私信我。
",6830,3078,57
建议和对象一起听的甜rap,InTheStreets,85万,http://p2.music.126.net/hp4T2-_zcQD5o0q5vrMpqg==/109951168036611641.jpg?param=140y140,2030819293,https://music.163.com/playlist?id=2030819293,"介绍：
生活已经够苦了 希望听了这个歌单能让你感觉Fall in love
不怕流氓有文化 就怕rapper说情话
持更
",12682,246,124
hook好听的华语说唱,New1an,90万,http://p2.music.126.net/Ilqe2vUhHj8NuXz1bYbHOQ==/109951168038081953.jpg?param=140y140,2067141583,https://music.163.com/playlist?id=2067141583,"介绍：
当说唱坐上艺术头等舱
",10232,214,89
甜度微醺rap——趁着醉意和你讲浪漫和爱,川琦尤子,282万,http://p2.music.126.net/qYUYqCpqs83WpzCd47mdTA==/109951166648350515.jpg?param=140y140,4968558616,https://music.163.com/playlist?id=4968558616,"介绍：
你站在万众瞩目的台上 我在人群中看着你 只有我知道 你虽然穿着正装 却穿着小熊袜子 带着我的发绳.

",37352,361,81
Tizzy T和满舒克 和Jony J,是满舒克吗,695万,http://p2.music.126.net/H3XPBUp_rc6WYhYxj5_CCQ==/109951162963228140.jpg?param=140y140,695318160,https://music.163.com/playlist?id=695318160,"介绍：
年轻且优秀
颓废且积极
YOUNG JACK
YOUNG
",85781,1312,449
中文说唱｜好听到爆,张以晨_,25万,http://p2.music.126.net/iTlTnWhmIP8l1qqWp21Tng==/109951167592448762.jpg?param=140y140,2806547431,https://music.163.com/playlist?id=2806547431,"介绍：
日子过得自律点 态度变得浪漫点
品味相同的人会与你相遇在同一风景下
随机播放有惊喜！
（持续更新）

",2060,32,29
中文说唱天花板｜Real Hip-Hop｜,CreepyCreepyCreepy,153万,http://p2.music.126.net/fhM47B2Umqb0iKWwqX-Atw==/109951166067812215.jpg?param=140y140,636863589,https://music.163.com/playlist?id=636863589,"介绍：
中文说唱该有的样子 

无关 X emo读课文 X 油腻口水歌 X 碰瓷乱diss
仅收录 有实力 有灵魂 有态度的【REAL HIPHOP】

-持续更新-
非营利 凭本事获得尊重 而不是钞能力
致敬音乐路上所有支持过我的人 Respe...
",24084,2685,58
Trap、R&B｜Urban Club 毒性节奏HIPHOP,_Derek丶丶,105万,http://p2.music.126.net/Ha2_clWegdlkv6DvESk0Lg==/109951167064118919.jpg?param=140y140,5463685266,https://music.163.com/playlist?id=5463685266,"介绍：
Hot Right Now

Scary Rap Trap Party Songs｜Creepy Remix｜R&B

NINJA、Hood、Akoma、Owner Circle、Red Room
",20548,273,65
Explicit 脏版 E标 脏标 最全 大全,putridus,55783,http://p2.music.126.net/Wkyu7LETarqEfmy1EKrpOQ==/109951165962539850.jpg?param=140y140,2843480580,https://music.163.com/playlist?id=2843480580,"介绍：
音乐大杂烩 多为Hip-pop、电子
封面龙胆紫F.T.W专辑
持续更新 ""
",1932,48,20
国语说唱也很抒情，副歌也美,--Jax,2816万,http://p2.music.126.net/zwXJJUwjYZ_HSrmQry9-EQ==/109951163188683676.jpg?param=140y140,934870683,https://music.163.com/playlist?id=934870683,"介绍：
说唱不只有燥！抒情的气味搭配hiphop也是一种境界，副歌不只是打辅助，要学会细心品味，说唱总是给人带来不一样的感觉，小众，但有品味，这里有的在唱自己，有的在唱生活，有的唱现实，如果你想多了解生活...
",31万,4790,2371
jazz hiphop✨| 爵士口味的说唱 |,垫底队霸声音最大,64262,http://p2.music.126.net/e1N8xu4RlBAOqttjGWkeVg==/109951165422189652.jpg?param=140y140,4982188875,https://music.163.com/playlist?id=4982188875,"介绍：
全是爵士说唱，日系和欧美穿插着放的，算是精选集，可以顺序播放

jazz hiphop的歌词多具良知，欧美jazz hiphop对采样处理的技巧性更强，代表团体ATCQ，Gang starr，J dilla等，日系更偏阳光清新一些，受N...
",1811,25,13
那些曾经在Billboard上爆红的HipHop———,火属,1349万,http://p2.music.126.net/GPsPxx3sCuFwv1aIn-nH1Q==/109951163437975389.jpg?param=140y140,2122279649,https://music.163.com/playlist?id=2122279649,"介绍：
Rap爱好者 盘点一下，长期更新， 更到我没了 我让我儿子来更，我儿子不行了 就我孙子来
",17万,2481,1833
